COD FISCAL,COD SIIIR,COD SIIIR SUP,COD SIRUES,SIRUTA LOC SUP,SIRUTA LOCALITATE,cod,judet,lat,lon,nr,nume,nume_ascii,oras,str,wikidata
29345172,1361101673,,130451950,63286,60749,1361101673,CONSTANŢA,,,1,ŞCOALA GIMNAZIALĂ ’MIHAI EMINESCU’ COSTINEŞTI,SCOALA GIMNAZIALA MIHAI EMINESCU COSTINESTI,COSTINEŞTI,GĂRII,
28019348,1361101854,,130453233,62137,62146,1361101854,CONSTANŢA,,,137,ŞCOALA GIMNAZIALĂ ’NICHITA STĂNESCU’ MERENI,SCOALA GIMNAZIALA NICHITA STANESCU MERENI,MERENI,LIBERTĂŢII,
28053129,1361100672,,130452409,61210,61229,1361100672,CONSTANŢA,,,43,ŞCOALA GIMNAZIALĂ NR. 1 CHIRNOGENI,SCOALA GIMNAZIALA NR 1 CHIRNOGENI,CHIRNOGENI,ŞOS. NEGRU VODĂ,
,1362104079,1361101171,,60945,60963,1362104079,CONSTANŢA,,,,ŞCOALA PRIMARĂ NR. 2 ARSA,SCOALA PRIMARA NR 2 ARSA,ARSA,,
,1362103847,1361100107,,61737,61773,1362103847,CONSTANŢA,,,,GRĂDINIŢA CU PROGRAM NORMAL LESPEZI,GRADINITA CU PROGRAM NORMAL LESPEZI,LESPEZI,,
29466840,1361100898,,130453831,63189,62967,1361100898,CONSTANŢA,,,18,ŞCOALA GIMNAZIALĂ ’ION GHICA’ TORTOMAN,SCOALA GIMNAZIALA ION GHICA TORTOMAN,TORTOMAN,01.dec,
,1362104441,1361100785,,62397,62404,1362104441,CONSTANŢA,,,22,GRĂDINIŢA CU PROGRAM NORMAL NEGRU VODĂ,GRADINITA CU PROGRAM NORMAL NEGRU VODA,NEGRU VODĂ,ZORELELOR,
,1362101836,1361101587,130451912,60598,60614,1362101836,CONSTANŢA,,,22,ŞCOALA GIMNAZIALĂ ’TITU MAIORESCU’ DULCEŞTI,SCOALA GIMNAZIALA TITU MAIORESCU DULCESTI,DULCEŞTI,BARBU ŞTEFĂNESCU DELAVRANCEA,
,1362103096,1361105207,,61871,61906,1362103096,CONSTANŢA,,,,ŞCOALA PRIMARĂ NR. 1 FÂNTÂNA MARE,SCOALA PRIMARA NR 1 FANTANA MARE,FÂNTÂNA MARE,,
,1362103544,1361100586,,61372,61381,1362103544,CONSTANŢA,,,,GRĂDINIŢA CU PROGRAM NORMAL COGEALAC,GRADINITA CU PROGRAM NORMAL COGEALAC,COGEALAC,,
,1362102154,1361100568,,62903,62930,1362102154,CONSTANŢA,,,229,GRĂDINIŢA CU PROGRAM NORMAL SEIMENII MICI,GRADINITA CU PROGRAM NORMAL SEIMENII MICI,SEIMENII MICI,ŞCOLII,
29482323,1361100247,,130377946,60507,60516,1361100247,CONSTANŢA,,,2,GRĂDINIŢA CU PROGRAM NORMAL ’PEŞTIŞORUL DE AUR’ NĂVODARI,GRADINITA CU PROGRAM NORMAL PESTISORUL DE AUR NAVODARI,NĂVODARI,CABANEI,
,1362101492,1361102412,,60687,60696,1362101492,CONSTANŢA,,,187A,GRĂDINIŢA CU PROGRAM NORMAL ’ZIG-ZAG’ OVIDIU,GRADINITA CU PROGRAM NORMAL ZIG ZAG OVIDIU,OVIDIU,NAŢIONALĂ,
,1362103404,1361100776,,62609,62654,1362103404,CONSTANŢA,,,,ŞCOALA PRIMARĂ NR. 4 RUNCU,SCOALA PRIMARA NR 4 RUNCU,RUNCU,PRINCIPALĂ,
28052573,1361100428,,130453867,62985,62994,1361100428,CONSTANŢA,,,76,ŞCOALA GIMNAZIALĂ NR. 1 TÂRGUŞOR,SCOALA GIMNAZIALA NR 1 TARGUSOR,TÂRGUŞOR,CONSTANŢEI,
29447598,1361104961,,130451728,60419,60428,1361104961,CONSTANŢA,,,13,ŞCOALA GIMNAZIALĂ NR. 29 ’MIHAI VITEAZU’ CONSTANŢA,SCOALA GIMNAZIALA NR 29 MIHAI VITEAZU CONSTANTA,CONSTANŢA,CISMELEI,
28052565,1361100939,,130453740,62823,62832,1361100939,CONSTANŢA,,,2,ŞCOALA GIMNAZIALĂ ’NICOLAE MARALOI’ SARAIU,SCOALA GIMNAZIALA NICOLAE MARALOI SARAIU,SARAIU,NICOLAE MARALOI,
,1362102715,1361101058,,62253,62271,1362102715,CONSTANŢA,,,,GRĂDINIŢA CU PROGRAM NORMAL SINOIE,GRADINITA CU PROGRAM NORMAL SINOIE,SINOIE,,
,1362102923,1361101673,,63286,60749,1362102923,CONSTANŢA,,,1,GRĂDINIŢA CU PROGRAM NORMAL ’PINOCHIO’ COSTINEŞTI,GRADINITA CU PROGRAM NORMAL PINOCHIO COSTINESTI,COSTINEŞTI,GĂRII,
,1362102389,1361105288,,62707,62725,1362102389,CONSTANŢA,,,27,ŞCOALA PRIMARĂ NR. 2 IVRINEZU MARE,SCOALA PRIMARA NR 2 IVRINEZU MARE,IVRINEZU MARE,ŞCOLII,
,1362105528,1361105451,,63125,63134,1362105528,CONSTANŢA,,,2,GRĂDINIŢA CU PROGRAM PRELUNGIT NR. 3 VALU LUI TRAIAN,GRADINITA CU PROGRAM PRELUNGIT NR 3 VALU LUI TRAIAN,VALU LUI TRAIAN,SOCULUI,
29097409,1361101307,,130452588,61452,61461,1361101307,CONSTANŢA,,,20,ŞCOALA GIMNAZIALĂ NR. 1 COMANA,SCOALA GIMNAZIALA NR 1 COMANA,COMANA,PRIMĂVERII,
29451785,1361105175,,131388722,60419,60428,1361105175,CONSTANŢA,,,2,ŞCOALA GIMNAZIALĂ NR.14 CONSTANŢA,SCOALA GIMNAZIALA NR 14 CONSTANTA,CONSTANŢA,DUMBRĂVENI,
,1362104016,1361100559,,60847,60856,1362104016,CONSTANŢA,,,1,GRĂDINIŢA CU PROGRAM NORMAL NR.12 MEDGIDIA,GRADINITA CU PROGRAM NORMAL NR 12 MEDGIDIA,MEDGIDIA,DEZROBIRII,
,1362102941,1361100057,,61559,61586,1362102941,CONSTANŢA,,,,ŞCOALA PRIMARĂ NR. 2 CRIŞAN,SCOALA PRIMARA NR 2 CRISAN,CRIŞAN,,
,1362104468,1361101818,,61121,61130,1362104468,CONSTANŢA,,,11,GRĂDINIŢA CU PROGRAM NORMAL CASTELU,GRADINITA CU PROGRAM NORMAL CASTELU,CASTELU,01.mai,
23928452,1361200625,,133621219,60419,60428,1361200625,CONSTANŢA,,,61,GRĂDINIŢA ’ŢARA PITICILOR’ CONSTANŢA,GRADINITA TARA PITICILOR CONSTANTA,CONSTANŢA,CĂLĂRAŞI,
,1362103562,1361100586,,61372,61381,1362103562,CONSTANŢA,,,,ŞCOALA GIMNAZIALĂ ’CRISTEA CARAMAN’ COGEALAC,SCOALA GIMNAZIALA CRISTEA CARAMAN COGEALAC,COGEALAC,,
29482390,1361101465,,130454926,60507,60516,1361101465,CONSTANŢA,,,16,GRĂDINIŢA CU PROGRAM NORMAL ’VESELIEI’ NĂVODARI,GRADINITA CU PROGRAM NORMAL VESELIEI NAVODARI,NĂVODARI,PLOPILOR,
4700970,1361101795,,131104994,60507,60516,1361101795,CONSTANŢA,,,25,ŞCOALA GIMNAZIALĂ ’GEORGE ENESCU’ NĂVODARI,SCOALA GIMNAZIALA GEORGE ENESCU NAVODARI,NĂVODARI,CULTURII,
4300604,1361100229,,131388746,60419,60428,1361100229,CONSTANŢA,,,101,COLEGIUL TEHNIC DE MARINĂ ’ALEXANDRU IOAN CUZA’ CONSTANŢA,COLEGIUL TEHNIC DE MARINA ALEXANDRU IOAN CUZA CONSTANTA,CONSTANŢA,01.mai,
29345130,1361104943,,130451821,60455,60473,1361104943,CONSTANŢA,,,27,ŞCOALA GIMNAZIALĂ NR. 1 EFORIE NORD,SCOALA GIMNAZIALA NR 1 EFORIE NORD,EFORIE NORD,MIHAIL KOGALNICEANU,
,1362102882,1361100057,,61559,61611,1362102882,CONSTANŢA,,,,ŞCOALA PRIMARĂ NR. 3 ŞIRIU,SCOALA PRIMARA NR 3 SIRIU,ŞIRIU,,
,1362102778,1361101795,,60507,60516,1362102778,CONSTANŢA,,,,GRĂDINIŢA CU PROGRAM NORMAL PENINSULA NĂVODARI,GRADINITA CU PROGRAM NORMAL PENINSULA NAVODARI,NĂVODARI,,
4300795,1361100912,,130973037,60847,60856,1361100912,CONSTANŢA,,,1,LICEUL TEHNOLOGIC ’DRAGOMIR HURMUZESCU’ MEDGIDIA,LICEUL TEHNOLOGIC DRAGOMIR HURMUZESCU MEDGIDIA,MEDGIDIA,POPORULUI,
,1362103829,1361100107,,61737,61791,1362103829,CONSTANŢA,,,,GRĂDINIŢA CU PROGRAM NORMAL VĂLENI,GRADINITA CU PROGRAM NORMAL VALENI,VĂLENI,,
29464416,1361101325,,130451663,60419,60428,1361101325,CONSTANŢA,,,6,ŞCOALA GIMNAZIALĂ NR. 22 ’I.C.BRĂTIANU’ CONSTANŢA,SCOALA GIMNAZIALA NR 22 I C BRATIANU CONSTANTA,CONSTANŢA,Răzvan Vodă,
,1362104034,1361101171,,60945,60990,1362104034,CONSTANŢA,,,,ŞCOALA PRIMARĂ NR. 3 VÂRTOP,SCOALA PRIMARA NR 3 VARTOP,VÂRTOP,,
26037607,1361100704,,130454108,60847,60856,1361100704,CONSTANŢA,,,44,ŞCOALA GIMNAZIALĂ ’SPIRU HARET’ MEDGIDIA,SCOALA GIMNAZIALA SPIRU HARET MEDGIDIA,MEDGIDIA,THEODOR AMAN,
4300833,1361105374,,130454287,60419,60428,1361105374,CONSTANŢA,,,14,GRĂDINIŢA CU PROGRAM PRELUNGIT ’AMICII’ CONSTANŢA,GRADINITA CU PROGRAM PRELUNGIT AMICII CONSTANTA,CONSTANŢA,CAP. DOBRILĂ EUGENIU,
,1362102968,1361100057,,61559,61568,1362102968,CONSTANŢA,,,,GRĂDINIŢA CU PROGRAM NORMAL CRUCEA,GRADINITA CU PROGRAM NORMAL CRUCEA,CRUCEA,CONSTANŢEI,
,1362103612,1361101411,,62798,62814,1362103612,CONSTANŢA,,,36,ŞCOALA GIMNAZIALĂ NR. 2 COCHIRLENI,SCOALA GIMNAZIALA NR 2 COCHIRLENI,COCHIRLENI,PRINCIPALĂ,
28052530,1361101031,,130453544,63170,62663,1361101031,CONSTANŢA,,,6,ŞCOALA GIMNAZIALĂ NR. 1 VULTURU,SCOALA GIMNAZIALA NR 1 VULTURU,VULTURU,PREOT ANTON POPESCU,
,1362103589,1361100586,,61372,61443,1362103589,CONSTANŢA,,,,ŞCOALA GIMNAZIALĂ NR. 2 TARIVERDE,SCOALA GIMNAZIALA NR 2 TARIVERDE,TARIVERDE,,
,1362102199,1361101284,,60534,60543,1362102199,CONSTANŢA,,,2,GRĂDINIŢA SPECIALĂ SANATORIU TECHIRGHIOL,GRADINITA SPECIALA SANATORIU TECHIRGHIOL,TECHIRGHIOL,OVIDIU,
29424993,1361101402,,130453427,62486,62495,1361101402,CONSTANŢA,,,674,ŞCOALA GIMNAZIALĂ NR. 1 OLTINA,SCOALA GIMNAZIALA NR 1 OLTINA,OLTINA,DISPENSARULUI,
15323271,1361201911,,133309902,60482,60491,1361201911,CONSTANŢA,,,10,GRĂDINIŢA CU PROGRAM NORMAL ’SANTA MARIA DELLE GRAZIE’ MANGALIA,GRADINITA CU PROGRAM NORMAL SANTA MARIA DELLE GRAZIE MANGALIA,MANGALIA,MUNCITORULUI,
29334742,1361100202,,130454017,60776,60785,1361100202,CONSTANŢA,,,9,ŞCOALA GIMNAZIALĂ NR. 2 CERNAVODĂ,SCOALA GIMNAZIALA NR 2 CERNAVODA,CERNAVODĂ,MIHAIL SADOVEANU,
29249590,1361100758,,130454665,63125,63134,1361100758,CONSTANŢA,,,148,GRĂDINIŢA CU PROGRAM NORMAL NR. 2 VALU LUI TRAIAN,GRADINITA CU PROGRAM NORMAL NR 2 VALU LUI TRAIAN,VALU LUI TRAIAN,MIHAI EMINESCU,
28038870,1361104925,,130453960,63125,63134,1361104925,CONSTANŢA,,,47,ŞCOALA GIMNAZIALĂ NR. 1 VALU LUI TRAIAN,SCOALA GIMNAZIALA NR 1 VALU LUI TRAIAN,VALU LUI TRAIAN,CALEA DOBROGEI,
,1382105547,1361100012,,60419,60428,1382105547,CONSTANŢA,,,55,"""CLUBUL SPORTIV ŞCOLAR - SECŢIE LICEUL CU PROGRAM SPORTIV """"N. ROTARU"""" CONSTANŢA""",CLUBUL SPORTIV SCOLAR  SECTIE LICEUL CU PROGRAM SPORTIV N ROTARU CONSTANTA,CONSTANŢA,Oborului,
29446606,1361101655,,130954469,60419,60428,1361101655,CONSTANŢA,,,2,ŞCOALA GIMNAZIALĂ NR. 33 ’ANGHEL SALIGNY’ CONSTANŢA,SCOALA GIMNAZIALA NR 33 ANGHEL SALIGNY CONSTANTA,CONSTANŢA,Narciselor,
29604927,1361100975,,130452306,61167,61176,1361100975,CONSTANŢA,,,32,ŞCOALA GIMNAZIALĂ ’MARIN VOINEA’ CERCHEZU,SCOALA GIMNAZIALA MARIN VOINEA CERCHEZU,CERCHEZU,TINERETULUI,
,1362104346,1361101646,,61005,61050,1362104346,CONSTANŢA,,,4,GRĂDINIŢA CU PROGRAM NORMAL VLAHII,GRADINITA CU PROGRAM NORMAL VLAHII,VLAHII,BISERICII,
,1362104694,1361101587,,60598,60614,1362104694,CONSTANŢA,,,35,GRĂDINIŢA CU PROGRAM NORMAL DULCEŞTI,GRADINITA CU PROGRAM NORMAL DULCESTI,DULCEŞTI,BARBU ŞTEFĂNESCU DELAVRANCEA,
4301022,1361100039,,130451534,60419,60428,1361100039,CONSTANŢA,,,68,ŞCOALA GIMNAZIALĂ NR. 8 CONSTANŢA,SCOALA GIMNAZIALA NR 8 CONSTANTA,CONSTANŢA,Brătianu Constantin Ion,
,1362103241,1361101212,,62949,62976,1362103241,CONSTANŢA,,,,GRĂDINIŢA CU PROGRAM NORMAL ŢEPEŞ VODĂ,GRADINITA CU PROGRAM NORMAL TEPES VODA,TEPEŞ VODĂ,,
,1362102032,1361101854,,62137,62155,1362102032,CONSTANŢA,,,39,GRĂDINIŢA CU PROGRAM NORMAL CIOBĂNIŢA,GRADINITA CU PROGRAM NORMAL CIOBANITA,CIOBĂNIŢA,COBADINULUI,
29359100,1361100568,,130453790,62903,62912,1361100568,CONSTANŢA,,,38,ŞCOALA GIMNAZIALĂ NR. 1 SEIMENI,SCOALA GIMNAZIALA NR 1 SEIMENI,SEIMENI,PRINCIPALĂ,
,1362103639,1361105433,,62360,62379,1362103639,CONSTANŢA,,,1,GRĂDINIŢA CU PROGRAM NORMAL NR. 1 MURFATLAR,GRADINITA CU PROGRAM NORMAL NR 1 MURFATLAR,MURFATLAR,LALELELOR,
,1362104572,1361105261,,60419,60428,1362104572,CONSTANŢA,,,128,ŞCOALA GIMNAZIALĂ ’GRIGORE ANTIPA’ CONSTANŢA,SCOALA GIMNAZIALA GRIGORE ANTIPA CONSTANTA,CONSTANŢA,MANGALIEI,
,1362102204,1361101126,,63161,61899,1362102204,CONSTANŢA,,,,GRĂDINIŢA CU PROGRAM NORMAL DUMBRĂVENI,GRADINITA CU PROGRAM NORMAL DUMBRAVENI,DUMBRĂVENI,,
2747194,1361201662,,131388760,60419,60428,1361201662,CONSTANŢA,,,148,LICEUL TEHNOLOGIC UCECOM ’SPIRU HARET’ CONSTANŢA,LICEUL TEHNOLOGIC UCECOM SPIRU HARET CONSTANTA,CONSTANŢA,Mircea cel Bătrân,
4304649,1361101284,,130849779,60419,60428,1361101284,CONSTANŢA,,,55,CENTRUL ŞCOLAR DE EDUCAŢIE INCLUZIVĂ ’ALBATROS’ CONSTANŢA,CENTRUL SCOLAR DE EDUCATIE INCLUZIVA ALBATROS CONSTANTA,CONSTANŢA,B.ST.DELAVRANCEA,
29451645,1361105501,,130954445,60419,60428,1361105501,CONSTANŢA,,,56,GRĂDINIŢA CU PROGRAM PRELUNGIT ’PERLUŢELE MĂRII’ CONSTANŢA,GRADINITA CU PROGRAM PRELUNGIT PERLUTELE MARII CONSTANTA,CONSTANŢA,MIHAI VITEAZU,
28038196,1361104907,,130453386,62440,62459,1361104907,CONSTANŢA,,,20,LICEUL TEHNOLOGIC ’I.C.BRĂTIANU’ NICOLAE BĂLCESCU,LICEUL TEHNOLOGIC I C BRATIANU NICOLAE BALCESCU,NICOLAE BĂLCESCU,CAROL I,
28018113,1361100482,,130451558,60419,60428,1361100482,CONSTANŢA,,,26,ŞCOALA GIMNAZIALĂ NR. 10 ’MIHAIL KOICIU’ CONSTANŢA,SCOALA GIMNAZIALA NR 10 MIHAIL KOICIU CONSTANTA,CONSTANŢA,IZVOR,
,1362104839,1361105442,,60419,60428,1362104839,CONSTANŢA,,,58,GRĂDINIŢA CU PROGRAM NORMAL NR.59 CONSTANŢA BILINGVĂ ROMÂNĂ-ITALIANĂ,GRADINITA CU PROGRAM NORMAL NR 59 CONSTANTA BILINGVA ROMANA ITALIANA,CONSTANŢA,Flămânda,
29348306,1361100957,,131105015,60482,60491,1361100957,CONSTANŢA,,,6,GRĂDINIŢA CU PROGRAM PRELUNGIT NR. 7 MANGALIA,GRADINITA CU PROGRAM PRELUNGIT NR 7 MANGALIA,MANGALIA,NEGRU VODA,
,1362104364,1361101438,,61283,61309,1362104364,CONSTANŢA,,,16,GRĂDINIŢA CU PROGRAM NORMAL CIOCÂRLIA DE SUS,GRADINITA CU PROGRAM NORMAL CIOCARLIA DE SUS,CIOCÂRLIA DE SUS,VENUS,
,1362103865,1361100107,,61737,61773,1362103865,CONSTANŢA,,,,ŞCOALA PRIMARĂ NR. 3 LESPEZI,SCOALA PRIMARA NR 3 LESPEZI,LESPEZI,,
,1362104536,1361105121,,62057,62066,1362104536,CONSTANŢA,,,66,GRĂDINIŢA CU PROGRAM NORMAL LIPNIŢA,GRADINITA CU PROGRAM NORMAL LIPNITA,LIPNIŢA,MORII,
,1362103693,1361105103,,60847,60856,1362103693,CONSTANŢA,,,16,GRĂDINIŢA CU PROGRAM NORMAL NR. 1 MEDGIDIA BILINGVĂ(ROM-TURCĂ),GRADINITA CU PROGRAM NORMAL NR 1 MEDGIDIA BILINGVA(ROM TURCA),MEDGIDIA,MĂRGĂRITARULUI,
,1362102249,1361101135,,61318,61363,1362102249,CONSTANŢA,,,239,GRĂDINIŢA CU PROGRAM NORMAL VIIŞOARA,GRADINITA CU PROGRAM NORMAL VIISOARA,VIIŞOARA,CRÂNGULUI,
,1362103268,1361101524,,63334,61407,1362103268,CONSTANŢA,,,54,GRĂDINIŢA CU PROGRAM NORMAL FÂNTÂNELE,GRADINITA CU PROGRAM NORMAL FANTANELE,FÂNTÂNELE,BASARABIA,
,1362104893,1361100898,,63189,62967,1362104893,CONSTANŢA,,,18,GRĂDINIŢA CU PROGRAM NORMAL TORTOMAN,GRADINITA CU PROGRAM NORMAL TORTOMAN,TORTOMAN,01.dec,
,1362104477,1361101777,,60419,60428,1362104477,CONSTANŢA,,,18,GRĂDINIŢA CU PROGRAM NORMAL ’ABRACADABRA’ CONSTANŢA,GRADINITA CU PROGRAM NORMAL ABRACADABRA CONSTANTA,CONSTANŢA,Meşterul Manole,
,1362103657,1361101587,,60598,60605,1362103657,CONSTANŢA,,,40,GRĂDINIŢA CU PROGRAM NORMAL 23 AUGUST,GRADINITA CU PROGRAM NORMAL 23 AUGUST,23.aug,GEORGE CĂLINESCU,
29129705,1361105193,,131388849,60482,60491,1361105193,CONSTANŢA,,,27,ŞCOALA GIMNAZIALĂ ’GALA GALACTION’ MANGALIA,SCOALA GIMNAZIALA GALA GALACTION MANGALIA,MANGALIA,CONSTANŢEI,
30286428,1361205571,,134178257,60419,60428,1361205571,CONSTANŢA,,,32,GRĂDINIŢA CU PROGRAM PRELUNGIT 'LITTLE KIDS' CONSTANŢA,GRADINITA CU PROGRAM PRELUNGIT LITTLE KIDS CONSTANTA,CONSTANŢA,Străjerului,
,1362100306,1361101307,,61452,61461,1362100306,CONSTANŢA,,,20,GRĂDINIŢA CU PROGRAM NORMAL COMANA,GRADINITA CU PROGRAM NORMAL COMANA,COMANA,PRIMĂVERII,
,1362104554,1361105121,,62057,62075,1362104554,CONSTANŢA,,,,GRĂDINIŢA CU PROGRAM NORMAL CANLIA,GRADINITA CU PROGRAM NORMAL CANLIA,CANLIA,,
,1362102222,1361101135,,61318,61363,1362102222,CONSTANŢA,,,239,"""ŞCOALA GIMNAZIALĂ NR. 1 """"PERICLE MARTINESCU"""" VIIŞOARA""",SCOALA GIMNAZIALA NR 1 PERICLE MARTINESCU VIISOARA,VIIŞOARA,CRÂNGULUI,
,1362102796,1361101949,,60570,60589,1362102796,CONSTANŢA,,,0,GRĂDINIŢA CU PROGRAM NORMAL LAZU,GRADINITA CU PROGRAM NORMAL LAZU,LAZU,SIMION BARNUTIU,
,1362104301,1361101646,,61005,61050,1362104301,CONSTANŢA,,,4,ŞCOALA PRIMARĂ NR. 2 VLAHII,SCOALA PRIMARA NR 2 VLAHII,VLAHII,BISERICII,
,1362103205,1361101881,,61256,61265,1362103205,CONSTANŢA,,,,GRĂDINIŢA CU PROGRAM NORMAL CIOBANU,GRADINITA CU PROGRAM NORMAL CIOBANU,CIOBANU,,
,1362102077,1361100681,,61069,61096,1362102077,CONSTANŢA,,,,ŞCOALA PRIMARĂ NR. 2 NEGURENI,SCOALA PRIMARA NR 2 NEGURENI,NEGURENI,,
,1362103399,1361100776,,62609,62618,1362103399,CONSTANŢA,,,219,GRĂDINIŢA CU PROGRAM NORMAL PANTELIMON,GRADINITA CU PROGRAM NORMAL PANTELIMON,PANTELIMON,PRINCIPALĂ,
4272695,1361200498,,134085577,60419,60428,1361200498,CONSTANŢA,,,101,ŞCOALA GIMNAZIALĂ ’SPECTRUM’ CONSTANŢA,SCOALA GIMNAZIALA SPECTRUM CONSTANTA,CONSTANŢA,AL.LAPUSNEANU,
,1362104545,1361105121,,62057,62093,1362104545,CONSTANŢA,,,,GRĂDINIŢA CU PROGRAM NORMAL COSLUGEA,GRADINITA CU PROGRAM NORMAL COSLUGEA,COSLUGEA,,
24873363,1361100523,,130451792,60482,60491,1361100523,CONSTANŢA,,,22,ŞCOALA GIMNAZIALĂ ’SFÂNTUL ANDREI’ MANGALIA,SCOALA GIMNAZIALA SFANTUL ANDREI MANGALIA,MANGALIA,T.S.SĂVEANU,
,1362103675,1361101578,,63326,63027,1362103675,CONSTANŢA,,,32,GRĂDINIŢA CU PROGRAM NORMAL GRĂDINA,GRADINITA CU PROGRAM NORMAL GRADINA,GRĂDINA,VICTORIEI,
,1362100324,1361101569,,61951,62002,1362100324,CONSTANŢA,,,,GRĂDINIŢA CU PROGRAM NORMAL RARIŞTEA,GRADINITA CU PROGRAM NORMAL RARISTEA,RARIŞTEA,,
,1362103078,1361105207,,61871,61924,1362103078,CONSTANŢA,,,,ŞCOALA PRIMARĂ NR. 2 MOVILA VERDE,SCOALA PRIMARA NR 2 MOVILA VERDE,MOVILA VERDE,,
4301154,1361105279,,131172719,60482,60491,1361105279,CONSTANŢA,,,42,LICEUL TEORETIC ’CALLATIS’ MANGALIA,LICEUL TEORETIC CALLATIS MANGALIA,MANGALIA,ROZELOR,
4300779,1361100731,,130803191,61121,61130,1361100731,CONSTANŢA,,,1BIS,COLEGIUL ’DOBROGEA’ CASTELU,COLEGIUL DOBROGEA CASTELU,CASTELU,LICEULUI,
,1362102801,1361101827,,62878,62887,1362102801,CONSTANŢA,,,24,GRĂDINIŢA CU PROGRAM NORMAL SĂCELE,GRADINITA CU PROGRAM NORMAL SACELE,SĂCELE,CETATEA HISTRIEI,
29272658,1361105017,,130968769,60847,60856,1361105017,CONSTANŢA,,,48,GRĂDINIŢA CU PROGRAM PRELUNGIT ’ION CREANGĂ’ MEDGIDIA,GRADINITA CU PROGRAM PRELUNGIT ION CREANGA MEDGIDIA,MEDGIDIA,RAHOVEI,
29517510,1361100197,,130452021,60687,60696,1361100197,CONSTANŢA,,,39,ŞCOALA GIMNAZIALĂ NR. 2 OVIDIU,SCOALA GIMNAZIALA NR 2 OVIDIU,OVIDIU,PRIMĂRIEI,
4515590,1361100993,,130451766,60419,60428,1361100993,CONSTANŢA,,,8,CENTRUL ŞCOLAR DE EDUCAŢIE INCLUZIVĂ ’DELFINUL’ CONSTANŢA,CENTRUL SCOLAR DE EDUCATIE INCLUZIVA DELFINUL CONSTANTA,CONSTANŢA,Semănătorului,
28053145,1361101931,,130454720,62191,62208,1361101931,CONSTANŢA,,,20,GRĂDINIŢA CU PROGRAM NORMAL NR. 1 MIHAIL KOGĂLNICEANU,GRADINITA CU PROGRAM NORMAL NR 1 MIHAIL KOGALNICEANU,MIHAIL KOGĂLNICEANU,CĂLUGĂRENI,
,1352100364,1371101728,,60847,60856,1352100364,CONSTANŢA,,,22,CLUBUL COPIILOR MEDGIDIA,CLUBUL COPIILOR MEDGIDIA,MEDGIDIA,DECEBAL,
,1362102516,1361105329,,62360,62388,1362102516,CONSTANŢA,,,,GRĂDINIŢA CU PROGRAM NORMAL SIMINOC,GRADINITA CU PROGRAM NORMAL SIMINOC,SIMINOC,,
,1362103191,1361101881,,61256,61274,1362103191,CONSTANŢA,,,,GRĂDINIŢA CU PROGRAM NORMAL MIORIŢA,GRADINITA CU PROGRAM NORMAL MIORITA,MIORIŢA,,
,1362102588,1361101628,,63198,61470,1362102588,CONSTANŢA,,,,GRĂDINIŢA CU PROGRAM NORMAL CASICEA,GRADINITA CU PROGRAM NORMAL CASICEA,CASICEA,,
,1362103223,1361101931,,62191,62208,1362103223,CONSTANŢA,,,,GRĂDINIŢA CU PROGRAM NORMAL IAS MIHAIL KOGĂLNICEANU,GRADINITA CU PROGRAM NORMAL IAS MIHAIL KOGALNICEANU,MIHAIL KOGĂLNICEANU,,
24211692,1361204914,,133632581,60419,60428,1361204914,CONSTANŢA,,,172-174,ŞCOALA POSTLICEALĂ FEG CONSTANŢA,SCOALA POSTLICEALA FEG CONSTANTA,CONSTANŢA,I.C.BRATIANU,
,1362103413,1361100776,,62609,62636,1362103413,CONSTANŢA,,,,ŞCOALA PRIMARĂ NR. 2 NISTOREŞTI,SCOALA PRIMARA NR 2 NISTORESTI,NISTOREŞTI,ŞCOLII,
29348284,1361101786,,131094151,60776,60785,1361101786,CONSTANŢA,,,6,ŞCOALA GIMNAZIALĂ ’MIRCEA ELIADE’ CERNAVODĂ,SCOALA GIMNAZIALA MIRCEA ELIADE CERNAVODA,CERNAVODĂ,CAZĂRMII,
,1362100342,1361101569,,61951,62011,1362100342,CONSTANŢA,,,,GRĂDINIŢA CU PROGRAM NORMAL ’CĂSUŢA FERMECATĂ’ VIILE,GRADINITA CU PROGRAM NORMAL CASUTA FERMECATA VIILE,VIILE,,
,1362102611,1361101994,,60632,60669,1362102611,CONSTANŢA,,,,GRĂDINIŢA CU PROGRAM NORMAL ’FRAŢII GRIMM’ 2 MAI,GRADINITA CU PROGRAM NORMAL FRATII GRIMM 2 MAI,02.mai,,
,1362102267,1361101135,,61318,61354,1362102267,CONSTANŢA,,,,GRĂDINIŢA CU PROGRAM NORMAL NEGREŞTI,GRADINITA CU PROGRAM NORMAL NEGRESTI,NEGREŞTI,CONSTANŢEI,
29353957,1361101221,,130452253,61069,61087,1361101221,CONSTANŢA,,,,ŞCOALA GIMNAZIALĂ NR. 1 FĂUREI,SCOALA GIMNAZIALA NR 1 FAUREI,FĂUREI,,
29451670,1361101596,,130454299,60419,60428,1361101596,CONSTANŢA,,,3,GRĂDINIŢA CU PROGRAM PRELUNGIT ’NOROCEL’ CONSTANŢA,GRADINITA CU PROGRAM PRELUNGIT NOROCEL CONSTANTA,CONSTANŢA,Iasomiei,
8156138,1361105252,,130452019,60687,60696,1361105252,CONSTANŢA,,,114,LICEUL TEHNOLOGIC ’ION PODARU’ OVIDIU,LICEUL TEHNOLOGIC ION PODARU OVIDIU,OVIDIU,ŞOS. NAŢIONALĂ,
29272178,1361101049,,130451857,60570,63269,1361101049,CONSTANŢA,,,,ŞCOALA GIMNAZIALĂ ’ION BORCEA’ AGIGEA,SCOALA GIMNAZIALA ION BORCEA AGIGEA,AGIGEA,MANGALIEI,
,1362102864,1361100057,,61559,61586,1362102864,CONSTANŢA,,,,GRĂDINIŢA CU PROGRAM NORMAL CRIŞAN,GRADINITA CU PROGRAM NORMAL CRISAN,CRIŞAN,,
,1362103734,1361100817,,60883,60936,1362103734,CONSTANŢA,,,,ŞCOALA PRIMARĂ NR. 2 ZORILE,SCOALA PRIMARA NR 2 ZORILE,ZORILE,,
4300892,1361105035,,131388772,60776,60785,1361105035,CONSTANŢA,,,24-26,LICEUL TEORETIC 'ANGHEL SALIGNY' CERNAVODĂ,LICEUL TEORETIC ANGHEL SALIGNY CERNAVODA,CERNAVODĂ,ANGHEL SALIGNY,
,1362104509,1361105121,,62057,62093,1362104509,CONSTANŢA,,,,ŞCOALA GIMNAZIALĂ NR. 3 COSLUGEA,SCOALA GIMNAZIALA NR 3 COSLUGEA,COSLUGEA,,
,1362103883,1361105035,,60776,60785,1362103883,CONSTANŢA,,,1,GRĂDINIŢA CU PROGRAM NORMAL NR. 3 CERNAVODĂ,GRADINITA CU PROGRAM NORMAL NR 3 CERNAVODA,CERNAVODĂ,GEORGE COŞBUC,
,1362100283,1361102014,,60482,63205,1362100283,CONSTANŢA,,,36,GRĂDINIŢA CU PROGRAM PRELUNGIT NR.5 NEPTUN,GRADINITA CU PROGRAM PRELUNGIT NR 5 NEPTUN,NEPTUN,ROZELOR,
,1362103042,1361105207,,61871,61924,1362103042,CONSTANŢA,,,,GRĂDINIŢA CU PROGRAM NORMAL MOVILA VERDE,GRADINITA CU PROGRAM NORMAL MOVILA VERDE,MOVILA VERDE,,
,1362104708,1361101587,,60598,60623,1362104708,CONSTANŢA,,,4,ŞCOALA GIMNAZIALĂ ’NICOLAE IORGA’ MOŞNENI,SCOALA GIMNAZIALA NICOLAE IORGA MOSNENI,MOŞNENI,GHEORGHE BIBESCU,
,1362104857,1361102005,,63152,62244,1362104857,CONSTANŢA,,,,ŞCOALA PRIMARĂ NR. 3 SIBIOARA,SCOALA PRIMARA NR 3 SIBIOARA,SIBIOARA,,
,1362102638,1361101994,,60632,60669,1362102638,CONSTANŢA,,,,ŞCOALA GIMNAZIALĂ NR. 2 2 MAI,SCOALA GIMNAZIALA NR 2 2 MAI,02.mai,GHEORGHE BUNOIU,
,1362104287,1361100211,,62672,62690,1362104287,CONSTANŢA,,,,ŞCOALA PRIMARĂ NR. 2 VÂNĂTORI,SCOALA PRIMARA NR 2 VANATORI,VÂNĂTORI,,
,1362103942,1361101845,,63278,61835,1362103942,CONSTANŢA,,,8,GRĂDINIŢA CU PROGRAM NORMAL HORIA,GRADINITA CU PROGRAM NORMAL HORIA,HORIA,ŞCOLII,
29466930,1361102005,,130452033,63152,60703,1361102005,CONSTANŢA,,,1,ŞCOALA GIMNAZIALĂ NR. 1 LUMINA,SCOALA GIMNAZIALA NR 1 LUMINA,LUMINA,PELICAN,
4515450,1361105234,,130992423,60419,60428,1361105234,CONSTANŢA,,,15,CENTRUL ŞCOLAR DE EDUCAŢIE INCLUZIVĂ ’MARIA MONTESSORI’ CONSTANŢA,CENTRUL SCOLAR DE EDUCATIE INCLUZIVA MARIA MONTESSORI CONSTANTA,CONSTANŢA,NICU MANDAI,
,1362102846,1361100428,,62985,62994,1362102846,CONSTANŢA,,,,GRĂDINIŢA CU PROGRAM NORMAL TÂRGUŞOR,GRADINITA CU PROGRAM NORMAL TARGUSOR,TÂRGUŞOR,,
,1362103485,1361101248,,62538,62592,1362103485,CONSTANŢA,,,,ŞCOALA PRIMARĂ NR. 4 GÂRLIŢA,SCOALA PRIMARA NR 4 GARLITA,GÂRLIŢA,,
,1362102059,1361101854,,62137,62182,1362102059,CONSTANŢA,,,143,ŞCOALA PRIMARĂ NR. 1 OSMANCEA,SCOALA PRIMARA NR 1 OSMANCEA,OSMANCEA,ŞCOLII,
29273300,1381105488,,131388851,60847,60856,1381105488,CONSTANŢA,,,2A,CLUBUL SPORTIV ŞCOLAR MEDGIDIA,CLUBUL SPORTIV SCOLAR MEDGIDIA,MEDGIDIA,TRANDAFIRILOR,
,1362104495,1361105121,,62057,62075,1362104495,CONSTANŢA,,,,ŞCOALA GIMNAZIALĂ NR. 1 CANLIA,SCOALA GIMNAZIALA NR 1 CANLIA,CANLIA,,
28052557,1361101239,,130452863,61826,61853,1361101239,CONSTANŢA,,,438,ŞCOALA GIMNAZIALĂ ’S.A.ESENIN’ GHINDĂREŞTI,SCOALA GIMNAZIALA S A ESENIN GHINDARESTI,GHINDĂREŞTI,ŞCOLII,
,1362103155,1361101899,,61513,61522,1362103155,CONSTANŢA,,,49,GRĂDINIŢA CU PROGRAM NORMAL NR. 2 CORBU,GRADINITA CU PROGRAM NORMAL NR 2 CORBU,CORBU,IOAN STANEI,
,1362102543,1361100066,,62761,62770,1362102543,CONSTANŢA,,,7,GRĂDINIŢA CU PROGRAM NORMAL NR. 1 POARTA ALBĂ,GRADINITA CU PROGRAM NORMAL NR 1 POARTA ALBA,POARTA ALBĂ,BISERICII,
,1362102095,1361100681,,61069,61096,1362102095,CONSTANŢA,,,,GRĂDINIŢA CU PROGRAM NORMAL NEGURENI,GRADINITA CU PROGRAM NORMAL NEGURENI,NEGURENI,,
4301308,1361100722,,131133074,60419,60428,1361100722,CONSTANŢA,,,86,LICEUL TEHNOLOGIC ’GHEORGHE MIRON COSTIN’ CONSTANŢA,LICEUL TEHNOLOGIC GHEORGHE MIRON COSTIN CONSTANTA,CONSTANŢA,BLD. AUREL VLAICU,
,1362105383,1361100704,,60847,60856,1362105383,CONSTANŢA,,,22,GRĂDINIŢA CU PROGRAM NORMAL NR. 7 MEDGIDIA,GRADINITA CU PROGRAM NORMAL NR 7 MEDGIDIA,MEDGIDIA,ALEXANDRU CEL BUN,
,1362104129,1361101402,,62486,62501,1362104129,CONSTANŢA,,,186,GRĂDINIŢA CU PROGRAM NORMAL RĂZOARE,GRADINITA CU PROGRAM NORMAL RAZOARE,RĂZOARELE,MIREA,
28054264,1361105008,,130452356,63294,61648,1361105008,CONSTANŢA,,,265,ŞCOALA GIMNAZIALĂ ’EMIL GÂRLEANU’ BĂRĂGANU,SCOALA GIMNAZIALA EMIL GARLEANU BARAGANU,BĂRĂGANU,PETRE MARTINESCU,
,1362104269,1361105008,,63294,61648,1362104269,CONSTANŢA,,,186,GRĂDINIŢA CU PROGRAM NORMAL BĂRĂGANU,GRADINITA CU PROGRAM NORMAL BARAGANU,BĂRĂGANU,PETRE MARTINESCU,
,1362103969,1361100785,,62397,62413,1362103969,CONSTANŢA,,,,GRĂDINIŢA CU PROGRAM NORMAL DARABANI,GRADINITA CU PROGRAM NORMAL DARABANI,DARABANI,,
4301480,1371101728,,130456558,60419,60428,1371101728,CONSTANŢA,,,17,PALATUL COPIILOR CONSTANŢA,PALATUL COPIILOR CONSTANTA,CONSTANŢA,SOVEJA,
,1362103363,1361100776,,62609,62618,1362103363,CONSTANŢA,,,,GRĂDINIŢA CU PROGRAM NORMAL PANTELIMONU DE JOS,GRADINITA CU PROGRAM NORMAL PANTELIMONU DE JOS,PANTELIMON,PRINCIPALĂ,
,1362102371,1361105288,,62707,62743,1362102371,CONSTANŢA,,,20,GRĂDINIŢA CU PROGRAM NORMAL IZVORU MARE,GRADINITA CU PROGRAM NORMAL IZVORU MARE,IZVORU MARE,CIŞMELEI,
14144065,1361200711,,133252886,60419,60428,1361200711,CONSTANŢA,,,246,ŞCOALA POSTLICEALĂ ’SF.THEODOR’ CONSTANŢA,SCOALA POSTLICEALA SF THEODOR CONSTANTA,CONSTANŢA,I.C. BRĂTIANU,
29433207,1361100134,,131190084,60419,60428,1361100134,CONSTANŢA,,,98,GRĂDINIŢA CU PROGRAM PRELUNGIT ’GULLIVER’ CONSTANŢA,GRADINITA CU PROGRAM PRELUNGIT GULLIVER CONSTANTA,CONSTANŢA,B.P. HAŞDEU,
,1362103779,1361100817,,60883,60927,1362103779,CONSTANŢA,,,,GRĂDINIŢA CU PROGRAM NORMAL URLUIA,GRADINITA CU PROGRAM NORMAL URLUIA,URLUIA,,
29519902,1361101881,,130452382,61256,61265,1361101881,CONSTANŢA,,,95,LICEUL TEHNOLOGIC CIOBANU,LICEUL TEHNOLOGIC CIOBANU,CIOBANU,EROILOR,
,1352100382,1371101728,,60801,60810,1352100382,CONSTANŢA,,,43,CLUBUL COPIILOR HÂRŞOVA,CLUBUL COPIILOR HARSOVA,HÂRŞOVA,REVOLUŢIEI,
29456693,1361100057,,130452435,61559,61568,1361100057,CONSTANŢA,,,44,LICEUL TEHNOLOGIC CRUCEA,LICEUL TEHNOLOGIC CRUCEA,CRUCEA,CONSTANŢEI,
,1362102172,1361100568,,62903,62912,1362102172,CONSTANŢA,,,54,GRĂDINIŢA CU PROGRAM NORMAL SEIMENII MARI,GRADINITA CU PROGRAM NORMAL SEIMENII MARI,SEIMENI,GRĂDINIŢEI,
,1362103173,1361101239,,61826,61853,1362103173,CONSTANŢA,,,438,GRĂDINIŢA CU PROGRAM NORMAL GHINDĂREŞTI,GRADINITA CU PROGRAM NORMAL GHINDARESTI,GHINDĂREŞTI,ŞCOLII,
,1362102561,1361101221,,61069,61087,1362102561,CONSTANŢA,,,,GRĂDINIŢA CU PROGRAM NORMAL FĂUREI,GRADINITA CU PROGRAM NORMAL FAUREI,FĂUREI,,
,1362104744,1361105184,,62538,62547,1362104744,CONSTANŢA,,,38,GRĂDINIŢA CU PROGRAM NORMAL OSTROV,GRADINITA CU PROGRAM NORMAL OSTROV,OSTROV,01.mai,
,1362103286,1361101551,,62280,62299,1362103286,CONSTANŢA,,,41,GRĂDINIŢA CU PROGRAM NORMAL MIRCEA VODĂ,GRADINITA CU PROGRAM NORMAL MIRCEA VODA,MIRCEA VODĂ,PRIMĂRIEI,
,1362104812,1361105424,,63318,62324,1362104812,CONSTANŢA,,,36A,GRĂDINIŢA CU PROGRAM NORMAL SALIGNY,GRADINITA CU PROGRAM NORMAL SALIGNY,SALIGNY,ŞCOLII,
34705758,1361205598,,133404788,60419,60428,1361205598,CONSTANŢA,,,146,GRĂDINIŢA CU PROGRAM PRELUNGIT 'KIŢY BIŢY' CONSTANŢA,GRADINITA CU PROGRAM PRELUNGIT KITY BITY CONSTANTA,CONSTANŢA,Brătianu Constantin Ion,
,1362104242,1361105008,,63294,62164,1362104242,CONSTANŢA,,,235,GRĂDINIŢA CU PROGRAM NORMAL LANURILE,GRADINITA CU PROGRAM NORMAL LANURILE,LANURILE,LIBERTĂŢII,
,1362103906,1361105279,,60482,60491,1362103906,CONSTANŢA,,,42A,GRĂDINIŢA CU PROGRAM NORMAL NR. 2 MANGALIA,GRADINITA CU PROGRAM NORMAL NR 2 MANGALIA,MANGALIA,ROZELOR,
29038968,1361202021,,134124012,60419,60428,1361202021,CONSTANŢA,,,24,GRĂDINIŢA ’CĂSUŢA DIN PĂDURE’ CONSTANŢA,GRADINITA CASUTA DIN PADURE CONSTANTA,CONSTANŢA,ION URSU,
,1362103345,1361105139,,61675,61728,1362103345,CONSTANŢA,,,,ŞCOALA PRIMARĂ NR. 3 ŞIPOTE,SCOALA PRIMARA NR 3 SIPOTE,ŞIPOTELE,,
,1362102353,1361105288,,62707,62716,1362102353,CONSTANŢA,,,,GRĂDINIŢA CU PROGRAM NORMAL PEŞTERA,GRADINITA CU PROGRAM NORMAL PESTERA,PEŞTERA,,
29067041,1361101533,,131105027,60482,60491,1361101533,CONSTANŢA,,,10,ŞCOALA GIMNAZIALĂ NR. 3 MANGALIA,SCOALA GIMNAZIALA NR 3 MANGALIA,MANGALIA,ALBATROS,
29349239,1361101248,,130453489,62538,62583,1361101248,CONSTANŢA,,,12,ŞCOALA GIMNAZIALĂ NR. 1 GALIŢA,SCOALA GIMNAZIALA NR 1 GALITA,GALIŢA,01.mai,
4700902,1361100116,,130099556,60419,60428,1361100116,CONSTANŢA,,,34,LICEUL TEHNOLOGIC ’GHEORGHE DUCA’ CONSTANŢA,LICEUL TEHNOLOGIC GHEORGHE DUCA CONSTANTA,CONSTANŢA,VIFOR HAIDUCUL,
,1362103752,1361100817,,60883,60892,1362103752,CONSTANŢA,,,37,GRĂDINIŢA CU PROGRAM NORMAL ADAMCLISI,GRADINITA CU PROGRAM NORMAL ADAMCLISI,ADAMCLISI,MUZEULUI,
28020784,1361105098,,130451936,60721,60730,1361105098,CONSTANŢA,,,128,ŞCOALA GIMNAZIALĂ NR. 1 TUZLA,SCOALA GIMNAZIALA NR 1 TUZLA,TUZLA,CONSTANŢEI,
,1362104518,1361105121,,62057,62084,1362104518,CONSTANŢA,,,,GRĂDINIŢA CU PROGRAM NORMAL CARVĂN,GRADINITA CU PROGRAM NORMAL CARVAN,CARVĂN,,
,1362102995,1361101388,,63045,63054,1362102995,CONSTANŢA,,,,GRĂDINIŢA CU PROGRAM NORMAL TOPALU,GRADINITA CU PROGRAM NORMAL TOPALU,TOPALU,,
,1362103051,1361105207,,61871,61933,1362103051,CONSTANŢA,,,,GRĂDINIŢA CU PROGRAM NORMAL OLTENI,GRADINITA CU PROGRAM NORMAL OLTENI,OLTENI,,
,1362103119,1361105207,,61871,61942,1362103119,CONSTANŢA,,,,ŞCOALA PRIMARĂ NR. 4 TUFANI,SCOALA PRIMARA NR 4 TUFANI,TUFANI,,
,1362102507,1361101397,,60419,60428,1362102507,CONSTANŢA,,,6,GRĂDINIŢA CU PROGRAM NORMAL NR.34 CONSTANŢA,GRADINITA CU PROGRAM NORMAL NR 34 CONSTANTA,CONSTANŢA,Ionescu de la Brad Ion,
29273254,1361101768,,130454110,60847,60856,1361101768,CONSTANŢA,,,94,ŞCOALA GIMNAZIALĂ ’MIHAIL SADOVEANU’ MEDGIDIA,SCOALA GIMNAZIALA MIHAIL SADOVEANU MEDGIDIA,MEDGIDIA,SIRETULUI,
4515646,1361105406,,130451819,60455,60464,1361105406,CONSTANŢA,,,102,LICEUL TEORETIC ’CARMEN SYLVA’ EFORIE,LICEUL TEORETIC CARMEN SYLVA EFORIE,EFORIE SUD,NEGRU VODĂ,
27323224,1361205051,,133905744,60482,60491,1361205051,CONSTANŢA,,,20,ŞCOALA POSTLICEALĂ FEG EDUCATION MANGALIA,SCOALA POSTLICEALA FEG EDUCATION MANGALIA,MANGALIA,OITUZ,
,1362104165,1361100672,,61210,61229,1362104165,CONSTANŢA,,,16,GRĂDINIŢA CU PROGRAM NORMAL CHIRNOGENI,GRADINITA CU PROGRAM NORMAL CHIRNOGENI,CHIRNOGENI,DISPENSARULUI,
,1362102692,1361101058,,62253,62271,1362102692,CONSTANŢA,,,,ŞCOALA GIMNAZIALĂ NR. 1 SINOIE,SCOALA GIMNAZIALA NR 1 SINOIE,SINOIE,,
,1362104224,1361105406,,60455,60464,1362104224,CONSTANŢA,,,102,GRĂDINIŢA CU PROGRAM PRELUNGIT ’ALBATROS’ EFORIE SUD,GRADINITA CU PROGRAM PRELUNGIT ALBATROS EFORIE SUD,EFORIE SUD,NEGRU VODĂ,
,1362103924,1361101786,,60776,60785,1362103924,CONSTANŢA,,,10BIS,GRĂDINIŢA CU PROGRAM PRELUNGIT ’VOINICELUL’ CERNAVODĂ,GRADINITA CU PROGRAM PRELUNGIT VOINICELUL CERNAVODA,CERNAVODĂ,09.mai,
,1362104599,1361104907,,62440,62459,1362104599,CONSTANŢA,,,,ŞCOALA PRIMARĂ NR. 2 NICOLAE BĂLCESCU,SCOALA PRIMARA NR 2 NICOLAE BALCESCU,NICOLAE BĂLCESCU,,
28660465,1361205318,,134116998,60419,60428,1361205318,CONSTANŢA,,,118,GRĂDINIŢA ’MINI LONDON’ CONSTANŢA,GRADINITA MINI LONDON CONSTANTA,CONSTANŢA,MIHAI VITEAZU,
,1362102335,1361100455,,63072,61657,1362102335,CONSTANŢA,,,10,GRĂDINIŢA CU PROGRAM NORMAL POTÂRNICHEA,GRADINITA CU PROGRAM NORMAL POTARNICHEA,POTÂRNICHEA,ŞCOLII,
,1362103232,1361100202,,60776,60785,1362103232,CONSTANŢA,,,7,GRĂDINIŢA CU PROGRAM NORMAL ’PRICHINDEL’ CERNAVODĂ,GRADINITA CU PROGRAM NORMAL PRICHINDEL CERNAVODA,CERNAVODĂ,MIHAIL SADOVEANU,
29443774,1361100179,,131213630,60419,60428,1361100179,CONSTANŢA,,,12,ŞCOALA GIMNAZIALĂ NR. 38 ’DIMITRIE CANTEMIR’ CONSTANŢA,SCOALA GIMNAZIALA NR 38 DIMITRIE CANTEMIR CONSTANTA,CONSTANŢA,"""Dobrilă Eugeniu"," cpt."""
,1362104206,1361100672,,61210,61247,1362104206,CONSTANŢA,,,,ŞCOALA GIMNAZIALĂ NR. 2 PLOPENI,SCOALA GIMNAZIALA NR 2 PLOPENI,PLOPENI,,
4618226,1361100826,,130454055,60801,60810,1361100826,CONSTANŢA,,,5,ŞCOALA GIMNAZIALĂ NR. 1 HÂRŞOVA,SCOALA GIMNAZIALA NR 1 HARSOVA,HÂRŞOVA,REVOLUŢIEI,
29297563,1361100505,,130454146,60847,60856,1361100505,CONSTANŢA,,,15,ŞCOALA GIMNAZIALĂ ’MIRCEA DRAGOMIRESCU’ MEDGIDIA,SCOALA GIMNAZIALA MIRCEA DRAGOMIRESCU MEDGIDIA,MEDGIDIA,ION CREAGĂ,
,1362103137,1361101899,,61513,61522,1362103137,CONSTANŢA,,,100,GRĂDINIŢA CU PROGRAM NORMAL NR. 1 CORBU,GRADINITA CU PROGRAM NORMAL NR 1 CORBU,CORBU,PRINCIPALĂ,
,1362104789,1361105424,,63318,62342,1362104789,CONSTANŢA,,,185A,ŞCOALA PRIMARĂ NR. 3 ŞTEFAN CEL MARE,SCOALA PRIMARA NR 3 STEFAN CEL MARE,ŞTEFAN CEL MARE,NUCILOR,
29272631,1361102439,,130454598,60847,60856,1361102439,CONSTANŢA,,,10,GRĂDINIŢA CU PROGRAM PRELUNGIT ’LUCIAN GRIGORESCU’ MEDGIDIA,GRADINITA CU PROGRAM PRELUNGIT LUCIAN GRIGORESCU MEDGIDIA,MEDGIDIA,SPITALULUI,
4300884,1361101162,,131244251,60847,60856,1361101162,CONSTANŢA,,,2A,ŞCOALA GIMNAZIALĂ ’LUCIAN GRIGORESCU’ MEDGIDIA,SCOALA GIMNAZIALA LUCIAN GRIGORESCU MEDGIDIA,MEDGIDIA,TRANDAFIRILOR,
,1362104147,1361101402,,62486,62495,1362104147,CONSTANŢA,,,324,GRĂDINIŢA CU PROGRAM NORMAL OLTINA,GRADINITA CU PROGRAM NORMAL OLTINA,OLTINA,PORTULUI,
29466654,1361105424,,130453192,63318,62324,1361105424,CONSTANŢA,,,36,ŞCOALA GIMNAZIALĂ NR. 1 SALIGNY,SCOALA GIMNAZIALA NR 1 SALIGNY,SALIGNY,ŞCOLII,
,1362102665,1361100903,,63152,62244,1362102665,CONSTANŢA,,,,GRĂDINIŢA CU PROGRAM NORMAL UA SIBIOARA,GRADINITA CU PROGRAM NORMAL UA SIBIOARA,SIBIOARA,,
30892661,1361201445,,134203208,60507,60516,1361201445,CONSTANŢA,,,10,GRĂDINIŢA ’ALBĂ CA ZĂPADA’ NĂVODARI,GRADINITA ALBA CA ZAPADA NAVODARI,NĂVODARI,CABANEI,
,1362103788,1361100948,,61808,61817,1362103788,CONSTANŢA,,,3,GRĂDINIŢA CU PROGRAM NORMAL GÂRLICIU,GRADINITA CU PROGRAM NORMAL GARLICIU,GÂRLICIU,ŞCOLII,
,1362103309,1361101551,,62280,62333,1362103309,CONSTANŢA,,,39,ŞCOALA GIMNAZIALĂ NR. 2 SATU NOU,SCOALA GIMNAZIALA NR 2 SATU NOU,SATU NOU,ŞCOLII,
29296363,1361101578,,130453879,63326,63027,1361101578,CONSTANŢA,,,32,ŞCOALA GIMNAZIALĂ NR. 1 GRĂDINA,SCOALA GIMNAZIALA NR 1 GRADINA,GRĂDINA,VICTORIEI,
4514870,1361101397,,130959720,60419,60428,1361101397,CONSTANŢA,,,7,COLEGIUL TEHNIC ’VASILE PÂRVAN’ CONSTANŢA,COLEGIUL TEHNIC VASILE PARVAN CONSTANTA,CONSTANŢA,INDUSTRIALĂ,
29452438,1361100844,,131213628,60419,60428,1361100844,CONSTANŢA,,,8,ŞCOALA GIMNAZIALĂ NR. 39 ’NICOLAE TONITZA’ CONSTANŢA,SCOALA GIMNAZIALA NR 39 NICOLAE TONITZA CONSTANTA,CONSTANŢA,Solidarităţii,
,1362104414,1361101144,,62020,62048,1362104414,CONSTANŢA,,,1A,GRĂDINIŢA CU PROGRAM NORMAL NUNTAŞI,GRADINITA CU PROGRAM NORMAL NUNTASI,NUNTAŞI,BISERICII,
29443995,1361101637,,131213692,60419,60428,1361101637,CONSTANŢA,,,70,ŞCOALA GIMNAZIALĂ NR. 24 ’ION JALEA’ CONSTANŢA,SCOALA GIMNAZIALA NR 24 ION JALEA CONSTANTA,CONSTANŢA,GRIVIŢEI,
,1362100351,1361101569,,61951,62011,1362100351,CONSTANŢA,,,,ŞCOALA GIMNAZIALĂ NR. 2 VIILE,SCOALA GIMNAZIALA NR 2 VIILE,VIILE,,
34939333,1361102412,,130454641,60687,60696,1361102412,CONSTANŢA,,,60A,GRĂDINIŢA CU PROGRAM NORMAL ’LICURICI’ OVIDIU,GRADINITA CU PROGRAM NORMAL LICURICI OVIDIU,OVIDIU,NAŢIONALĂ,
29244453,1361101144,,130452887,62020,62039,1361101144,CONSTANŢA,,,15,ŞCOALA GIMNAZIALĂ NR. 1 ISTRIA,SCOALA GIMNAZIALA NR 1 ISTRIA,ISTRIA,PRIMĂRIEI,
32544272,1361201151,,133003637,60419,60428,1361201151,CONSTANŢA,,,28,GRĂDINIŢA ’LA NOUVELLE GENERATION’ CONSTANŢA,GRADINITA LA NOUVELLE GENERATION CONSTANTA,CONSTANŢA,Topraisar,
,1362103517,1361105139,,61675,61684,1362103517,CONSTANŢA,,,120,GRĂDINIŢA CU PROGRAM NORMAL DELENI,GRADINITA CU PROGRAM NORMAL DELENI,DELENI,ŞCOLII,
,1362102109,1361105252,,60687,60696,1362102109,CONSTANŢA,,,,GRĂDINIŢA CU PROGRAM NORMAL CULMEA,GRADINITA CU PROGRAM NORMAL CULMEA,OVIDIU,,
29481433,1361100455,,131104748,63072,63081,1361100455,CONSTANŢA,,,32B,LICEUL TEHNOLOGIC TOPRAISAR,LICEUL TEHNOLOGIC TOPRAISAR,TOPRAISAR,NAŢIONALĂ,
29845305,1361205603,,134164191,60419,60428,1361205603,CONSTANŢA,,,45,GRĂDINIŢA 'HELLO TEDDY' CONSTANŢA,GRADINITA HELLO TEDDY CONSTANTA,CONSTANŢA,Caragiale Ion Luca,
,1362103164,1361101899,,61513,61522,1362103164,CONSTANŢA,,,8,ŞCOALA GIMNAZIALĂ ’VASILE ALECSANDRI’ CORBU,SCOALA GIMNAZIALA VASILE ALECSANDRI CORBU,CORBU,CULTURII,
,1362102484,1361101673,,63286,60758,1362102484,CONSTANŢA,,,24,ŞCOALA PRIMARĂ ’ION CREANGĂ’ SCHITU,SCOALA PRIMARA ION CREANGA SCHITU,SCHITU,SCOLII,
25872331,1361201427,,133704401,60419,60428,1361201427,CONSTANŢA,,,40,ŞCOALA PRIMARĂ ’PETRE ISPIRESCU’ CONSTANŢA,SCOALA PRIMARA PETRE ISPIRESCU CONSTANTA,CONSTANŢA,Universităţii,
,1362104622,1361104907,,62440,62459,1362104622,CONSTANŢA,,,26,GRĂDINIŢA CU PROGRAM NORMAL ’CARUSEL’ NICOLAE BĂLCESCU,GRADINITA CU PROGRAM NORMAL CARUSEL NICOLAE BALCESCU,NICOLAE BĂLCESCU,CAROL I,
29402502,1361105121,,130453025,62057,62066,1361105121,CONSTANŢA,,,66,ŞCOALA GIMNAZIALĂ ’IOAN ATANASIU’ LIPNIŢA,SCOALA GIMNAZIALA IOAN ATANASIU LIPNITA,LIPNIŢA,MORII,
29448194,1361105451,,130454653,63125,63134,1361105451,CONSTANŢA,,,104,GRĂDINIȚA CU PROGRAM NORMAL NR. 1 VALU LUI TRAIAN,GRADINITA CU PROGRAM NORMAL NR 1 VALU LUI TRAIAN,VALU LUI TRAIAN,CALEA DOBROGEI,
,1362103006,1361100939,,62823,62850,1362103006,CONSTANŢA,,,,GRĂDINIŢA CU PROGRAM NORMAL DULGHERU,GRADINITA CU PROGRAM NORMAL DULGHERU,DULGHERU,,
4707617,1361100586,,130452679,61372,61381,1361100586,CONSTANŢA,,,36,LICEUL TEHNOLOGIC COGEALAC,LICEUL TEHNOLOGIC COGEALAC,COGEALAC,LICEULUI,
,1362104432,1361100785,,62397,62413,1362104432,CONSTANŢA,,,,ŞCOALA GIMNAZIALĂ NR. 1 DARABANI,SCOALA GIMNAZIALA NR 1 DARABANI,DARABANI,,
30691897,1361200928,,132064737,60419,60428,1361200928,CONSTANŢA,,,33,ŞCOALA PRIMARĂ ’NOUA GENERAŢIE’ CONSTANŢA,SCOALA PRIMARA NOUA GENERATIE CONSTANTA,CONSTANŢA,"""Murgescu Ioan"," viceamiral"""
,1362103535,1361105139,,61675,61693,1362103535,CONSTANŢA,,,,GRĂDINIŢA CU PROGRAM NORMAL PETROŞANI,GRADINITA CU PROGRAM NORMAL PETROSANI,PETROŞANI,,
,1362102127,1361105297,,60419,60428,1362102127,CONSTANŢA,,,39,GRĂDINIŢA CU PROGRAM NORMAL NR.37 CONSTANŢA,GRADINITA CU PROGRAM NORMAL NR 37 CONSTANTA,CONSTANŢA,Şoseaua din Vii,
,1362103458,1361100975,,61167,61201,1362103458,CONSTANŢA,,,,ŞCOALA PRIMARĂ NR. 1 VIROAGA,SCOALA PRIMARA NR 1 VIROAGA,VIROAGA,,
,1362104183,1361100672,,61210,61238,1362104183,CONSTANŢA,,,,GRĂDINIŢA CU PROGRAM NORMAL CREDINŢA,GRADINITA CU PROGRAM NORMAL CREDINTA,CREDINŢA,,
23590202,1361100473,,130451871,60507,60516,1361100473,CONSTANŢA,,,14,ŞCOALA GIMNAZIALĂ ’GRIGORE MOISIL’ NĂVODARI,SCOALA GIMNAZIALA GRIGORE MOISIL NAVODARI,NĂVODARI,PLOPILOR,
,1362103987,1361100586,,61372,61425,1362103987,CONSTANŢA,,,,GRĂDINIŢA CU PROGRAM NORMAL RÂMNICU DE JOS,GRADINITA CU PROGRAM NORMAL RAMNICU DE JOS,RÂMNICU DE JOS,,
,1362102724,1361100116,,60419,60428,1362102724,CONSTANŢA,,,1,ŞCOALA GIMNAZIALĂ ’MARIN SORESCU’ CONSTANŢA,SCOALA GIMNAZIALA MARIN SORESCU CONSTANTA,CONSTANŢA,Mihu Copilu,
,1362102466,1361104997,,60847,60856,1362102466,CONSTANŢA,,,60A,GRĂDINIŢA CU PROGRAM NORMAL NR.11 MEDGIDIA,GRADINITA CU PROGRAM NORMAL NR 11 MEDGIDIA,MEDGIDIA,REPUBLICII,
,1362104604,1361104907,,62440,62459,1362104604,CONSTANŢA,,,,GRĂDINIŢA CU PROGRAM NORMAL NICOLAE BĂLCESCU,GRADINITA CU PROGRAM NORMAL NICOLAE BALCESCU,NICOLAE BĂLCESCU,,
,1362103838,1361100107,,61737,61791,1362103838,CONSTANŢA,,,,ŞCOALA GIMNAZIALĂ NR. 1 VĂLENI,SCOALA GIMNAZIALA NR 1 VALENI,VĂLENI,,
,1362103467,1361101248,,62538,62592,1362103467,CONSTANŢA,,,,GRĂDINIŢA CU PROGRAM NORMAL GÂRLIŢA,GRADINITA CU PROGRAM NORMAL GARLITA,GÂRLIŢA,,
28052590,1361101827,,130453776,62878,62887,1361101827,CONSTANŢA,,,21,ŞCOALA GIMNAZIALĂ 'A. GHENCEA' SĂCELE,SCOALA GIMNAZIALA A GHENCEA SACELE,SĂCELE,CETATEA HISTRIEI,
29451734,1361100663,,131006374,60419,60428,1361100663,CONSTANŢA,,,2,GRĂDINIŢA CU PROGRAM PRELUNGIT ’STELUŢELE MĂRII’ CONSTANŢA,GRADINITA CU PROGRAM PRELUNGIT STELUTELE MARII CONSTANTA,CONSTANŢA,Corbului,
29273270,1361105103,,139841665,60847,60856,1361105103,CONSTANŢA,,,18,COLEGIUL NAŢIONAL ’KEMAL ATATURK’ MEDGIDIA,COLEGIUL NATIONAL KEMAL ATATURK MEDGIDIA,MEDGIDIA,LUPENI,
,1362104043,1361101171,,60945,60963,1362104043,CONSTANŢA,,,,GRĂDINIŢA CU PROGRAM NORMAL ARSA,GRADINITA CU PROGRAM NORMAL ARSA,ARSA,,
,1362104459,1361101144,,62020,62048,1362104459,CONSTANŢA,,,17,ŞCOALA GIMNAZIALĂ NR. 2 NUNTAŞI,SCOALA GIMNAZIALA NR 2 NUNTASI,NUNTAŞI,ALBATROSULUI,
,1362105496,1361105157,,60419,60428,1362105496,CONSTANŢA,,,5,GRĂDINIŢA CU PROGRAM NORMAL 'MICA SIRENĂ' CONSTANŢA,GRADINITA CU PROGRAM NORMAL MICA SIRENA CONSTANTA,CONSTANŢA,Constantinescu Paul,
,1362103087,1361105207,,61871,61906,1362103087,CONSTANŢA,,,,GRĂDINIŢA CU PROGRAM NORMAL FÂNTÂNA MARE,GRADINITA CU PROGRAM NORMAL FANTANA MARE,FÂNTÂNA MARE,,
,1362103553,1361100586,,61372,61425,1362103553,CONSTANŢA,,,,ŞCOALA GIMNAZIALĂ NR. 1 RÂMNICU DE JOS,SCOALA GIMNAZIALA NR 1 RAMNICU DE JOS,RÂMNICU DE JOS,,
,1362102145,1361100568,,62903,62930,1362102145,CONSTANŢA,,,229,ŞCOALA PRIMARĂ NR. 3 SEIMENII MICI,SCOALA PRIMARA NR 3 SEIMENII MICI,SEIMENII MICI,ŞCOLII,
4300710,1361101108,,131075789,60801,60810,1361101108,CONSTANŢA,,,1,LICEUL TEHNOLOGIC ’CARSIUM’ HÂRŞOVA,LICEUL TEHNOLOGIC CARSIUM HARSOVA,HÂRŞOVA,ALEEA I.A.S.,
,1362103431,1361100975,,61167,61185,1362103431,CONSTANŢA,,,,GRĂDINIŢA CU PROGRAM NORMAL CĂSCIOARELE,GRADINITA CU PROGRAM NORMAL CASCIOARELE,CĂSCIOARELE,,
4700899,1361104979,,130451754,60419,60428,1361104979,CONSTANŢA,,,6,LICEUL TEORETIC ’GEORGE CĂLINESCU’ CONSTANŢA,LICEUL TEORETIC GEORGE CALINESCU CONSTANTA,CONSTANŢA,CPT. DOBRILĂ EUGENIU,
,1362102706,1361101058,,62253,62262,1362102706,CONSTANŢA,,,40,GRĂDINIŢA CU PROGRAM NORMAL MIHAI VITEAZU,GRADINITA CU PROGRAM NORMAL MIHAI VITEAZU,MIHAI VITEAZU,PRINCIPALĂ,
,1362102258,1361101135,,61318,61336,1362102258,CONSTANŢA,,,138,ŞCOALA PRIMARĂ NR. 2 CONACU,SCOALA PRIMARA NR 2 CONACU,CONACU,NUFĂRULUI,
,1362102448,1361101768,,60847,60856,1362102448,CONSTANŢA,,,13,GRĂDINIŢA CU PROGRAM NORMAL NR. 9 MEDGIDIA,GRADINITA CU PROGRAM NORMAL NR 9 MEDGIDIA,MEDGIDIA,JIULUI,
,1362104667,1361100541,,60419,60428,1362104667,CONSTANŢA,,,19,GRĂDINIŢA CU PROGRAM NORMAL NR.16 CONSTANŢA,GRADINITA CU PROGRAM NORMAL NR 16 CONSTANTA,CONSTANŢA,SULMONA,
29374135,1361105347,,130452344,61620,61639,1361105347,CONSTANŢA,,,136,LICEUL TEHNOLOGIC ’NICOLAE DUMITRESCU’ CUMPĂNA,LICEUL TEHNOLOGIC NICOLAE DUMITRESCU CUMPANA,CUMPĂNA,SOS.CONSTANŢEI,
29262247,1361101845,,130452849,63278,61835,1361101845,CONSTANŢA,,,8,ŞCOALA GIMNAZIALĂ NR. 1 HORIA,SCOALA GIMNAZIALA NR 1 HORIA,HORIA,ŞCOLII,
29506147,1361105166,,130456429,63152,60703,1361105166,CONSTANŢA,,,1A,GRĂDINIŢA CU PROGRAM NORMAL ’LUMINIŢA’ LUMINA,GRADINITA CU PROGRAM NORMAL LUMINITA LUMINA,LUMINA,PELICAN,
,1362104061,1361101171,,60945,60981,1362104061,CONSTANŢA,,,,GRĂDINIŢA CU PROGRAM NORMAL COTU VĂII,GRADINITA CU PROGRAM NORMAL COTU VAII,COTU VĂII,,
,1362103571,1361100586,,61372,61443,1362103571,CONSTANŢA,,,,GRĂDINIŢA CU PROGRAM NORMAL TARIVERDE,GRADINITA CU PROGRAM NORMAL TARIVERDE,TARIVERDE,,
,1362102163,1361100568,,62903,62921,1362102163,CONSTANŢA,,,81,ŞCOALA PRIMARĂ NR. 2 DUNĂREA,SCOALA PRIMARA NR 2 DUNAREA,DUNĂREA,PROF. COSTICĂ DUDU,
13344170,1361101474,,131244237,60419,60428,1361101474,CONSTANŢA,,,03.mai,LICEUL TEORETIC ’LUCIAN BLAGA’ CONSTANŢA,LICEUL TEORETIC LUCIAN BLAGA CONSTANTA,CONSTANŢA,Mărţişorului,
,1362102579,1361101628,,63198,63090,1362102579,CONSTANŢA,,,,GRĂDINIŢA CU PROGRAM NORMAL AMZACEA,GRADINITA CU PROGRAM NORMAL AMZACEA,AMZACEA,PRINCIPALĂ,
4618447,1361100785,,130453348,62397,62404,1361100785,CONSTANŢA,,,50,LICEUL TEORETIC NEGRU VODĂ,LICEUL TEORETIC NEGRU VODA,NEGRU VODĂ,STADIONULUI,
4304711,1361105026,,130451388,60419,60428,1361105026,CONSTANŢA,,,2,LICEUL TEORETIC ’OVIDIUS’ CONSTANŢA,LICEUL TEORETIC OVIDIUS CONSTANTA,CONSTANŢA,BASARABI,
29155216,1361100437,,130453972,63125,63134,1361100437,CONSTANŢA,,,157,ŞCOALA GIMNAZIALĂ ’VICEAMIRAL IOAN MURGESCU’ VALU LUI TRAIAN,SCOALA GIMNAZIALA VICEAMIRAL IOAN MURGESCU VALU LUI TRAIAN,VALU LUI TRAIAN,MIHAI EMINESCU,
,1362102891,1361100057,,61559,61602,1362102891,CONSTANŢA,,,,ŞCOALA PRIMARĂ NR. 4 STUPINA,SCOALA PRIMARA NR 4 STUPINA,STUPINA,,
4514837,1361101705,,131181265,60419,60428,1361101705,CONSTANŢA,,,44,LICEUL TEHNOLOGIC ’C.A.ROSETTI’ CONSTANŢA,LICEUL TEHNOLOGIC C A ROSETTI CONSTANTA,CONSTANŢA,01.mai,
,1362102769,1361100197,,60687,60712,1362102769,CONSTANŢA,,,,ŞCOALA PRIMARĂ NR. 4 POIANA,SCOALA PRIMARA NR 4 POIANA,POIANA,,
,1362104391,1361101438,,61283,61309,1362104391,CONSTANŢA,,,,GRĂDINIŢA CU PROGRAM NORMAL CILACER CIOCÂRLIA,GRADINITA CU PROGRAM NORMAL CILACER CIOCARLIA,CIOCÂRLIA DE SUS,,
,1362102421,1361102412,,60687,60712,1362102421,CONSTANŢA,,,52,GRĂDINIŢA CU PROGRAM NORMAL ’POIANA’ POIANA,GRADINITA CU PROGRAM NORMAL POIANA POIANA,POIANA,ALBATROS,
,1362104649,1361100464,,60801,60829,1362104649,CONSTANŢA,,,,GRĂDINIŢA CU PROGRAM NORMAL VADU OII,GRADINITA CU PROGRAM NORMAL VADU OII,VADU OII,,
,1362103381,1361100776,,62609,62645,1362103381,CONSTANŢA,,,,ŞCOALA PRIMARĂ NR. 3 PANTELIMONU DE JOS,SCOALA PRIMARA NR 3 PANTELIMONU DE JOS,PANTELIMON DE JOS,PRINCIPALĂ,
,1362102398,1361105288,,62707,62734,1362102398,CONSTANŢA,,,6,GRĂDINIŢA CU PROGRAM NORMAL IVRINEZU MIC,GRADINITA CU PROGRAM NORMAL IVRINEZU MIC,IVRINEZU MIC,ŞCOLII,
,1362102977,1361100057,,61559,61611,1362102977,CONSTANŢA,,,,GRĂDINIŢA CU PROGRAM NORMAL ŞIRIU,GRADINITA CU PROGRAM NORMAL SIRIU,ŞIRIU,,
29444907,1361101863,,130454275,60419,60428,1361101863,CONSTANŢA,,,6,GRĂDINIŢA CU PROGRAM PRELUNGIT NR.10 CONSTANŢA,GRADINITA CU PROGRAM PRELUNGIT NR 10 CONSTANTA,CONSTANŢA,Topolog,
4300876,1361101316,,130454079,60847,60856,1361101316,CONSTANŢA,,,2,LICEUL TEORETIC ’NICOLAE BĂLCESCU’ MEDGIDIA,LICEUL TEORETIC NICOLAE BALCESCU MEDGIDIA,MEDGIDIA,SACRLAT VÂRNAV,
,1362104007,1361101031,,63170,62663,1362104007,CONSTANŢA,,,41,GRĂDINIŢA CU PROGRAM NORMAL VULTURU,GRADINITA CU PROGRAM NORMAL VULTURU,VULTURU,EROILOR,
,1362102959,1361100057,,61559,61577,1362102959,CONSTANŢA,,,,GRĂDINIŢA CU PROGRAM NORMAL BĂLTĂGEŞTI,GRADINITA CU PROGRAM NORMAL BALTAGESTI,BĂLTĂGEŞTI,,
,1362103603,1361101411,,62798,62805,1362103603,CONSTANŢA,,,41,GRĂDINIŢA CU PROGRAM NORMAL RASOVA,GRADINITA CU PROGRAM NORMAL RASOVA,RASOVA,BUCUREŞTII NOI,
28055529,1361105148,,130452291,61121,61158,1361105148,CONSTANŢA,,,9,ŞCOALA GIMNAZIALĂ ’IULIU VALAORI’ NISIPARI,SCOALA GIMNAZIALA IULIU VALAORI NISIPARI,NISIPARI,IULIU VALAHORI,
,1362105356,1361100514,,60482,60491,1362105356,CONSTANŢA,,,56,GRĂDINIŢA CU PROGRAM NORMAL NR. 4 MANGALIA,GRADINITA CU PROGRAM NORMAL NR 4 MANGALIA,MANGALIA,MATEI BASARAB,
28054302,1361101411,,130453714,62798,62805,1361101411,CONSTANŢA,,,41,ȘCOALA GIMNAZIALĂ NR. 1 RASOVA,SCOALA GIMNAZIALA NR 1 RASOVA,RASOVA,BUCUREŞTII NOI,
29287616,1361101646,,130452174,61005,61014,1361101646,CONSTANŢA,,,45,ŞCOALA GIMNAZIALĂ ’DAN SPĂTARU’ ALIMAN,SCOALA GIMNAZIALA DAN SPATARU ALIMAN,ALIMAN,PRINCIPALĂ,
4300620,1361104934,,131104683,60419,60428,1361104934,CONSTANŢA,,,48,GRĂDINIŢA CU PROGRAM PRELUNGIT NR.42 CONSTANŢA,GRADINITA CU PROGRAM PRELUNGIT NR 42 CONSTANTA,CONSTANŢA,01.mai,
,1362102742,1361101759,,60534,60543,1362102742,CONSTANŢA,,,65,GRĂDINIŢA CU PROGRAM NORMAL NR. 2 TECHIRGHIOL,GRADINITA CU PROGRAM NORMAL NR 2 TECHIRGHIOL,TECHIRGHIOL,NICOLAE BĂLCESCU,
28053218,1361100903,,130453283,62191,62208,1361100903,CONSTANŢA,,,37,LICEUL TEORETIC MIHAIL KOGĂLNICEANU,LICEUL TEORETIC MIHAIL KOGALNICEANU,MIHAIL KOGĂLNICEANU,KARA MURAT,
,1362102403,1361105288,,62707,62743,1362102403,CONSTANŢA,,,20,ŞCOALA PRIMARĂ NR. 3 IZVORU MARE,SCOALA PRIMARA NR 3 IZVORU MARE,IZVORU MARE,CIŞMELEI,
,1362104848,1361100143,,60419,60428,1362104848,CONSTANŢA,,,31,GRĂDINIŢA CU PROGRAM NORMAL NR.31 CONSTANŢA,GRADINITA CU PROGRAM NORMAL NR 31 CONSTANTA,CONSTANŢA,Bradului,
,1362103476,1361101248,,62538,62583,1362103476,CONSTANŢA,,,,GRĂDINIŢA CU PROGRAM NORMAL GALIŢA,GRADINITA CU PROGRAM NORMAL GALITA,GALIŢA,,
,1362103802,1361100107,,61737,61764,1362103802,CONSTANŢA,,,,GRĂDINIŢA CU PROGRAM NORMAL DOBROMIR-DEAL,GRADINITA CU PROGRAM NORMAL DOBROMIR DEAL,DOBROMIRU DIN DEAL,,
29513080,1361101628,,130453934,63198,63090,1361101628,CONSTANŢA,,,,ŞCOALA GIMNAZIALĂ NR. 1 AMZACEA,SCOALA GIMNAZIALA NR 1 AMZACEA,AMZACEA,PRINCIPALĂ,
,1362104025,1361101705,,60419,60428,1362104025,CONSTANŢA,,,44,GRĂDINIŢA ’ROSETTI’ CONSTANŢA,GRADINITA ROSETTI CONSTANTA,CONSTANŢA,01.mai,
29402430,1361101524,,130452681,63334,61407,1361101524,CONSTANŢA,,,83,ŞCOALA GIMNAZIALĂ NR. 1 FÂNTÂNELE,SCOALA GIMNAZIALA NR 1 FANTANELE,FÂNTÂNELE,BASARABIA,
,1362103621,1361101411,,62798,62814,1362103621,CONSTANŢA,,,36BIS,GRĂDINIŢA CU PROGRAM NORMAL COCHIRLENI,GRADINITA CU PROGRAM NORMAL COCHIRLENI,COCHIRLENI,PRINCIPALĂ,
,1362103494,1361101248,,62538,62574,1362103494,CONSTANŢA,,,,ŞCOALA PRIMARĂ NR. 3 ESECHIOI,SCOALA PRIMARA NR 3 ESECHIOI,ESECHIOI,,
14587100,1331100087,,130456613,60419,60428,1331100087,CONSTANŢA,,,17,CASA CORPULUI DIDACTIC CONSTANŢA,CASA CORPULUI DIDACTIC CONSTANTA,CONSTANŢA,Soveja,
,1362104563,1361105261,,60419,60428,1362104563,CONSTANŢA,,,128,GRĂDINIŢA CU PROGRAM NORMAL NR.38 CONSTANŢA,GRADINITA CU PROGRAM NORMAL NR 38 CONSTANTA,CONSTANŢA,MANGALIEI,
,1362103024,1361100939,,62823,62850,1362103024,CONSTANŢA,,,,ŞCOALA PRIMARĂ NR. 1 DULGHERU,SCOALA PRIMARA NR 1 DULGHERU,DULGHERU,,
,1362102213,1361101135,,61318,61336,1362102213,CONSTANŢA,,,138,GRĂDINIŢA CU PROGRAM NORMAL CONACU,GRADINITA CU PROGRAM NORMAL CONACU,CONACU,NUFĂRULUI,
29185462,1361101438,,130452497,61283,61292,1361101438,CONSTANŢA,,,53,ȘCOALA GIMNAZIALĂ NR. 1 CIOCÂRLIA,SCOALA GIMNAZIALA NR 1 CIOCARLIA,CIOCÂRLIA,01.dec,
29178210,1361101587,,130451900,60598,60605,1361101587,CONSTANŢA,,,42,ŞCOALA GIMNAZIALĂ ’GEORGE COŞBUC’ 23 AUGUST,SCOALA GIMNAZIALA GEORGE COSBUC 23 AUGUST,23.aug,GEORGE  CĂLINESCU,
15563223,1361205621,,133322320,60419,60428,1361205621,CONSTANŢA,,,4,ȘCOALA POSTLICEALĂ 'FORTUNA' CONSTANȚA,SCOALA POSTLICEALA FORTUNA CONSTANTA,CONSTANŢA,Iorga Nicolae,
29429044,1361101293,,130451481,60419,60428,1361101293,CONSTANŢA,,,3A,ŞCOALA GIMNAZIALĂ NR. 3 ’CIPRIAN PORUMBESCU’ CONSTANŢA,SCOALA GIMNAZIALA NR 3 CIPRIAN PORUMBESCU CONSTANTA,CONSTANŢA,Porumbescu Ciprian,
29015913,1361100211,,130453594,62672,62681,1361100211,CONSTANŢA,,,5,ŞCOALA GIMNAZIALĂ NR. 1 PECINEAGA,SCOALA GIMNAZIALA NR 1 PECINEAGA,PECINEAGA,ŞTEFAN CEL MARE,
,1362102317,1361100455,,63072,63107,1362102317,CONSTANŢA,,,15,ŞCOALA GIMNAZIALĂ NR. 1 BIRUINŢA,SCOALA GIMNAZIALA NR 1 BIRUINTA,BIRUINŢA,UNIRII,
29335047,1361100966,,130454005,60776,60785,1361100966,CONSTANŢA,,,6,ŞCOALA GIMNAZIALĂ NR. 1 CERNAVODĂ,SCOALA GIMNAZIALA NR 1 CERNAVODA,CERNAVODĂ,SALCIEI,
,1362104355,1361101438,,61283,61309,1362104355,CONSTANŢA,,,16,ŞCOALA GIMNAZIALĂ NR. 2 CIOCÂRLIA DE SUS,SCOALA GIMNAZIALA NR 2 CIOCARLIA DE SUS,CIOCÂRLIA DE SUS,VENUS,
,1362104685,1361100523,,60482,63205,1362104685,CONSTANŢA,,,1,ŞCOALA GIMNAZIALĂ NR. 4 NEPTUN,SCOALA GIMNAZIALA NR 4 NEPTUN,NEPTUN,PLOPILOR,
,1362104884,1361102005,,63152,62217,1362104884,CONSTANŢA,,,,GRĂDINIŢA CU PROGRAM NORMAL OITUZ,GRADINITA CU PROGRAM NORMAL OITUZ,OITUZ,,
,1362103259,1361101212,,62949,62958,1362103259,CONSTANŢA,,,,GRĂDINIŢA CU PROGRAM NORMAL SILIŞTEA,GRADINITA CU PROGRAM NORMAL SILISTEA,SILIŞTEA,,
29433215,1361105329,,131213604,62360,62379,1361105329,CONSTANŢA,,,25,ŞCOALA GIMNAZIALĂ ’ADRIAN V.RĂDULESCU’ MURFATLAR,SCOALA GIMNAZIALA ADRIAN V RADULESCU MURFATLAR,MURFATLAR,ION CREANGĂ,
4301081,1361100559,,131181344,60847,60856,1361100559,CONSTANŢA,,,1,COLEGIUL TEHNIC ’NICOLAE TITULESCU’ MEDGIDIA,COLEGIUL TEHNIC NICOLAE TITULESCU MEDGIDIA,MEDGIDIA,DEZROBIRII,
,1362103648,1361101976,,60419,60428,1362103648,CONSTANŢA,,,89,GRĂDINIŢA CU PROGRAM NORMAL ’NĂSTUREL’ CONSTANŢA,GRADINITA CU PROGRAM NORMAL NASTUREL CONSTANTA,CONSTANŢA,Mangaliei,
29348373,1361105184,,131075777,62538,62547,1361105184,CONSTANŢA,,,36,LICEUL ’REGELE CAROL I’ OSTROV,LICEUL REGELE CAROL I OSTROV,OSTROV,LIBERTĂŢII,
,1362102231,1361101135,,61318,61327,1362102231,CONSTANŢA,,,19,GRĂDINIŢA CU PROGRAM NORMAL ’AUREL MARINESCU’ COBADIN,GRADINITA CU PROGRAM NORMAL AUREL MARINESCU COBADIN,COBADIN,PRIMĂVERII,
4300701,1361101013,,130454031,60801,60810,1361101013,CONSTANŢA,,,24,LICEUL TEORETIC ’IOAN COTOVU’ HÂRŞOVA,LICEUL TEORETIC IOAN COTOVU HARSOVA,HÂRŞOVA,ŞOS.CONSTANTEI,
28052581,1361105044,,131388837,60507,60516,1361105044,CONSTANŢA,,,15,ŞCOALA GIMNAZIALĂ ’TUDOR ARGHEZI’ NĂVODARI,SCOALA GIMNAZIALA TUDOR ARGHEZI NAVODARI,NĂVODARI,CABANEI,
,1362102787,1361101795,,60507,60516,1362102787,CONSTANŢA,,,,ŞCOALA PRIMARĂ NR. 1 PENINSULA NĂVODARI,SCOALA PRIMARA NR 1 PENINSULA NAVODARI,NĂVODARI,,
28053102,1361100948,,130452837,61808,61817,1361100948,CONSTANŢA,,,3,ŞCOALA GIMNAZIALĂ ’DUMITRU GAVRILESCU’ GÂRLICIU,SCOALA GIMNAZIALA DUMITRU GAVRILESCU GARLICIU,GÂRLICIU,ŞCOLII,
,1362104373,1361101438,,61283,61292,1362104373,CONSTANŢA,,,65,GRĂDINIŢA CU PROGRAM NORMAL CIOCÂRLIA,GRADINITA CU PROGRAM NORMAL CIOCARLIA,CIOCÂRLIA,01.dec,
21276840,1361200236,,133532664,60419,60428,1361200236,CONSTANŢA,,,4,LICEUL TEHNOLOGIC ’CONCORD’ CONSTANŢA,LICEUL TEHNOLOGIC CONCORD CONSTANTA,CONSTANŢA,NICOLAE IORGA,
,1362103874,1361100093,,60419,60428,1362103874,CONSTANŢA,,,11,GRĂDINIŢA CU PROGRAM NORMAL ’HENSEL ŞI GRETEL’ CONSTANŢA,GRADINITA CU PROGRAM NORMAL HENSEL SI GRETEL CONSTANTA,CONSTANŢA,RADU CALOMFIRESCU,
29482293,1361101343,,131190096,60507,60516,1361101343,CONSTANŢA,,,7,GRĂDINIŢA CU PROGRAM PRELUNGIT ’LUMEA FLORILOR’ NĂVODARI,GRADINITA CU PROGRAM PRELUNGIT LUMEA FLORILOR NAVODARI,NĂVODARI,GHIOCEILOR,
,1362104097,1361101171,,60945,60981,1362104097,CONSTANŢA,,,,ŞCOALA GIMNAZIALĂ NR. 1 COTU VĂII,SCOALA GIMNAZIALA NR 1 COTU VAII,COTU VĂII,,
,1362103277,1361105098,,60721,60730,1362103277,CONSTANŢA,,,53,GRĂDINIŢA CU PROGRAM NORMAL TUZLA,GRADINITA CU PROGRAM NORMAL TUZLA,TUZLA,CONSTANŢEI,
28037891,1361100532,,130455449,61620,61639,1361100532,CONSTANŢA,,,100,GRĂDINIŢA CU PROGRAM NORMAL ’GRĂDINIŢA FLORILOR’ CUMPĂNA,GRADINITA CU PROGRAM NORMAL GRADINITA FLORILOR CUMPANA,CUMPĂNA,CONSTANŢEI,
29481301,1361100021,,130452289,63300,61149,1361100021,CONSTANŢA,,,53,ŞCOALA GIMNAZIALĂ NR. 1 CUZA VODĂ,SCOALA GIMNAZIALA NR 1 CUZA VODA,CUZA VODĂ,MEDGIDIEI,
,1362103666,1361101578,,63326,63018,1362103666,CONSTANŢA,,,6,GRĂDINIŢA CU PROGRAM NORMAL CHEIA,GRADINITA CU PROGRAM NORMAL CHEIA,CHEIA,BRÂNDUŞEI,
29443766,1361101958,,131190060,60419,60428,1361101958,CONSTANŢA,,,2,GRĂDINIŢA CU PROGRAM PRELUNGIT ’AZUR’ CONSTANŢA,GRADINITA CU PROGRAM PRELUNGIT AZUR CONSTANTA,CONSTANŢA,Aluniş,
29413617,1361101551,,130453219,62280,62299,1361101551,CONSTANŢA,,,45,ŞCOALA GIMNAZIALĂ NR. 1 MIRCEA VODĂ,SCOALA GIMNAZIALA NR 1 MIRCEA VODA,MIRCEA VODĂ,PRIMĂRIEI,
,1362102647,1361100903,,62191,62235,1362102647,CONSTANŢA,,,7,GRĂDINIŢA CU PROGRAM NORMAL PIATRA,GRADINITA CU PROGRAM NORMAL PIATRA,PIATRA,ŞCOLII,
,1362104527,1361105121,,62057,62100,1362104527,CONSTANŢA,,,,ŞCOALA PRIMARĂ NR. 4 CUIUGIUC,SCOALA PRIMARA NR 4 CUIUGIUC,CUIUGIUC,,
,1362103069,1361105207,,61871,61880,1362103069,CONSTANŢA,,,39,GRĂDINIŢA CU PROGRAM NORMAL INDEPENDENŢA,GRADINITA CU PROGRAM NORMAL INDEPENDENTA,INDEPENDENŢA,CONSTANŢEI,
15758144,1361201698,,133311278,60419,60428,1361201698,CONSTANŢA,,,16,ŞCOALA PRIMARĂ ’CHAMPIONS FOR LIFE’ CONSTANŢA,SCOALA PRIMARA CHAMPIONS FOR LIFE CONSTANTA,CONSTANŢA,Alexandridi Alexandru,
29466816,1361105288,,130453611,62707,62716,1361105288,CONSTANŢA,,,98,ŞCOALA GIMNAZIALĂ NR. 1 PEŞTERA,SCOALA GIMNAZIALA NR 1 PESTERA,PEŞTERA,FLORILOR,
29272666,1361105062,,130954457,60847,60856,1361105062,CONSTANŢA,,,17,GRĂDINIŢA CU PROGRAM PRELUNGIT NR. 3 MEDGIDIA,GRADINITA CU PROGRAM PRELUNGIT NR 3 MEDGIDIA,MEDGIDIA,ION CREANGA,
,1362104717,1361101587,,60598,60623,1362104717,CONSTANŢA,,,13,GRĂDINIŢA CU PROGRAM NORMAL MOŞNENI,GRADINITA CU PROGRAM NORMAL MOSNENI,MOŞNENI,ŞTEFAN CEL MARE,
,1362102819,1361104934,,60419,60428,1362102819,CONSTANŢA,,,1,GRĂDINIŢA CU PROGRAM NORMAL NR.22 CONSTANŢA,GRADINITA CU PROGRAM NORMAL NR 22 CONSTANTA,CONSTANŢA,Şcolii,
,1362101352,1361101284,130451845,60534,60543,1362101352,CONSTANŢA,,,2,ŞCOALA GIMNAZIALĂ SPECIALĂ SANATORIU TECHIRGHIOL,SCOALA GIMNAZIALA SPECIALA SANATORIU TECHIRGHIOL,TECHIRGHIOL,OVIDIU,
,1362104319,1361101646,,61005,61014,1362104319,CONSTANŢA,,,45,GRĂDINIŢA CU PROGRAM NORMAL ALIMAN,GRADINITA CU PROGRAM NORMAL ALIMAN,ALIMAN,PRINCIPALĂ,
,1362103856,1361100107,,61737,61764,1362103856,CONSTANŢA,,,,ŞCOALA PRIMARĂ NR. 2 DOBROMIR DEAL,SCOALA PRIMARA NR 2 DOBROMIR DEAL,DOBROMIRU DIN DEAL,,
,1352100373,1371101728,,60482,60491,1352100373,CONSTANŢA,,,6,CLUBUL COPIILOR MANGALIA,CLUBUL COPIILOR MANGALIA,MANGALIA,MIRCEA CEL BĂTRÂN,
,1362104875,1361102005,,63152,62244,1362104875,CONSTANŢA,,,,GRĂDINIŢA CU PROGRAM NORMAL SIBIOARA,GRADINITA CU PROGRAM NORMAL SIBIOARA,SIBIOARA,,
,1362103449,1361100975,,61167,61176,1362103449,CONSTANŢA,,,32,GRĂDINIŢA CU PROGRAM NORMAL CERCHEZU,GRADINITA CU PROGRAM NORMAL CERCHEZU,CERCHEZU,TINERETULUI,
,1362103214,1361101931,,62191,62208,1362103214,CONSTANŢA,,,4,GRĂDINIŢA CU PROGRAM NORMAL NR. 2 MIHAIL KOGĂLNICEANU,GRADINITA CU PROGRAM NORMAL NR 2 MIHAIL KOGALNICEANU,MIHAIL KOGĂLNICEANU,VASILE LUPU,
,1362102068,1361101854,,62137,62146,1362102068,CONSTANŢA,,,142B,GRĂDINIŢA CU PROGRAM NORMAL MERENI,GRADINITA CU PROGRAM NORMAL MERENI,MERENI,GRĂDINII,
,1362104088,1361101171,,60945,60990,1362104088,CONSTANŢA,,,,GRĂDINIŢA CU PROGRAM NORMAL VÂRTOP,GRADINITA CU PROGRAM NORMAL VARTOP,VÂRTOP,,
29448151,1361100048,,131104700,60419,60428,1361100048,CONSTANŢA,,,52,GRĂDINIŢA CU PROGRAM PRELUNGIT NR.44 CONSTANŢA,GRADINITA CU PROGRAM PRELUNGIT NR 44 CONSTANTA,CONSTANŢA,Labirint,
29068314,1361100514,,130451780,60482,60491,1361100514,CONSTANŢA,,,44,ŞCOALA GIMNAZIALĂ NR. 1 MANGALIA,SCOALA GIMNAZIALA NR 1 MANGALIA,MANGALIA,MATEI BASARAB,
,1362100333,1361101569,,61951,61960,1362100333,CONSTANŢA,,,,GRĂDINIŢA CU PROGRAM NORMAL ION CORVIN,GRADINITA CU PROGRAM NORMAL ION CORVIN,ION CORVIN,,
23502871,1361201504,,133608059,60419,60428,1361201504,CONSTANŢA,,,106,GRĂDINIŢA ’ADIA KINDERGARDEN’ CONSTANŢA,GRADINITA ADIA KINDERGARDEN CONSTANTA,CONSTANŢA,I.L.CARAGIALE,
4301430,1381101199,,130452057,60419,60428,1381101199,CONSTANŢA,,,32,CLUBUL SPORTIV ŞCOLAR NR. 1 CONSTANŢA,CLUBUL SPORTIV SCOLAR NR 1 CONSTANTA,CONSTANŢA,"""Grigorescu Nicolae"," pictor"""
,1362102276,1361101515,,60419,60428,1362102276,CONSTANŢA,,,,GRĂDINIŢA CU PROGRAM NORMAL ’TOM DEGEŢEL’ CONSTANŢA,GRADINITA CU PROGRAM NORMAL TOM DEGETEL CONSTANTA,CONSTANŢA,,
28053072,1361101058,,130453128,62253,62262,1361101058,CONSTANŢA,,,40,LICEUL TEHNOLOGIC ’MIHAI VITEAZUL’ MIHAI VITEAZU,LICEUL TEHNOLOGIC MIHAI VITEAZUL MIHAI VITEAZU,MIHAI VITEAZU,PRINCIPALĂ,
,1362102873,1361100057,,61559,61602,1362102873,CONSTANŢA,,,,GRĂDINIŢA CU PROGRAM NORMAL STUPINA,GRADINITA CU PROGRAM NORMAL STUPINA,STUPINA,,
28037115,1361100984,,133310884,61620,61639,1361100984,CONSTANŢA,,,71,GRĂDINIŢA CU PROGRAM NORMAL ’SFÂNTA MARIA’ CUMPĂNA,GRADINITA CU PROGRAM NORMAL SFANTA MARIA CUMPANA,CUMPĂNA,ALEXANDRU ALIMĂNIŞTEANU,
,1362104337,1361101646,,61005,61032,1362104337,CONSTANŢA,,,7,GRĂDINIŢA CU PROGRAM NORMAL DUNĂRENI,GRADINITA CU PROGRAM NORMAL DUNARENI,DUNĂRENI,ŞCOLII,
,1362100292,1361101307,,61452,61504,1362100292,CONSTANŢA,,,,GRĂDINIŢA CU PROGRAM NORMAL TĂTARU,GRADINITA CU PROGRAM NORMAL TATARU,TĂTARU,,
,1362102597,1361101628,,63198,61489,1362102597,CONSTANŢA,,,,GRĂDINIŢA CU PROGRAM NORMAL GENERAL SCĂRIŞOREANU,GRADINITA CU PROGRAM NORMAL GENERAL SCARISOREANU,GENERAL SCĂRIŞOREANU,,
,1362102041,1361101854,,62137,62182,1362102041,CONSTANŢA,,,143,GRĂDINIŢA CU PROGRAM NORMAL OSMANCEA,GRADINITA CU PROGRAM NORMAL OSMANCEA,OSMANCEA,ŞCOLII,
,1362105537,1361101899,,61513,61540,1362105537,CONSTANŢA,,,15,ŞCOALA PRIMARĂ VADU,SCOALA PRIMARA VADU,VADU,ŞCOLII,
28020750,1361100066,,130453673,62761,62770,1361100066,CONSTANŢA,,,19,ȘCOALA GIMNAZIALĂ NR. 1 POARTA ALBĂ,SCOALA GIMNAZIALA NR 1 POARTA ALBA,POARTA ALBĂ,CALEA BUCUREŞTI,
,1362102602,1361101628,,63198,61489,1362102602,CONSTANŢA,,,,ŞCOALA GIMNAZIALĂ NR. 2 GENERAL SCĂRIŞOREANU,SCOALA GIMNAZIALA NR 2 GENERAL SCARISOREANU,GENERAL SCĂRIŞOREANU,,
,1362104296,1361100211,,62672,62681,1362104296,CONSTANŢA,,,5,GRĂDINIŢA CU PROGRAM NORMAL PECINEAGA,GRADINITA CU PROGRAM NORMAL PECINEAGA,PECINEAGA,ŞTEFAN CEL MARE,
,1362103951,1361101845,,63278,61862,1362103951,CONSTANŢA,,,2,GRĂDINIŢA CU PROGRAM NORMAL TICHILEŞTI,GRADINITA CU PROGRAM NORMAL TICHILESTI,TICHILEŞTI,ŞCOLII,
29466891,1361101212,,130453829,62949,62958,1361101212,CONSTANŢA,,,134A,ŞCOALA GIMNAZIALĂ NR. 1 SILIŞTEA,SCOALA GIMNAZIALA NR 1 SILISTEA,SILIŞTEA,MARE,
29261640,1361104997,,130454081,60847,60856,1361104997,CONSTANŢA,,,26,ŞCOALA GIMNAZIALĂ ’CONSTANTIN BRÂNCUŞI’ MEDGIDIA,SCOALA GIMNAZIALA CONSTANTIN BRANCUSI MEDGIDIA,MEDGIDIA,KEMAL AGI AMET,
4300663,1361105243,,130831942,62761,62770,1361105243,CONSTANŢA,,,1,COLEGIUL AGRICOL POARTA ALBĂ,COLEGIUL AGRICOL POARTA ALBA,POARTA ALBĂ,PALATULUI,
,1362102855,1361100428,,62985,63036,1362102855,CONSTANŢA,,,,ŞCOALA PRIMARĂ NR. 2 MIREASA,SCOALA PRIMARA NR 2 MIREASA,MIREASA,,
28053161,1361100776,,130453532,62609,62618,1361100776,CONSTANŢA,,,219,ŞCOALA GIMNAZIALĂ NR. 1 PANTELIMON,SCOALA GIMNAZIALA NR 1 PANTELIMON,PANTELIMON,PRINCIPALĂ,
,1362102629,1361101994,,60632,60641,1362102629,CONSTANŢA,,,4,GRĂDINIŢA CU PROGRAM NORMAL LIMANU,GRADINITA CU PROGRAM NORMAL LIMANU,LIMANU,CĂMINULUI,
,1362102294,1361100455,,63072,61657,1362102294,CONSTANŢA,,,10,ŞCOALA PRIMARĂ NR. 3 POTÂRNICHEA,SCOALA PRIMARA NR 3 POTARNICHEA,POTÂRNICHEA,ŞCOLII,
,1362104278,1361100211,,62672,62690,1362104278,CONSTANŢA,,,,GRĂDINIŢA CU PROGRAM NORMAL VÂNĂTORI,GRADINITA CU PROGRAM NORMAL VANATORI,VÂNĂTORI,,
,1362103978,1361100785,,62397,62431,1362103978,CONSTANŢA,,,,GRĂDINIŢA CU PROGRAM NORMAL VÂLCELE,GRADINITA CU PROGRAM NORMAL VALCELE,VÂLCELELE,,
,1362104658,1361100464,,60801,60810,1362104658,CONSTANŢA,,,1,GRĂDINIŢA CU PROGRAM NORMAL ’PRICHINDEL’ HÂRŞOVA,GRADINITA CU PROGRAM NORMAL PRICHINDEL HARSOVA,HÂRŞOVA,SOARELUI,
26417037,1361201065,,133879232,60570,63269,1361201065,CONSTANŢA,,,9,GRĂDINIŢA ’HAPPY FEET’ AGIGEA,GRADINITA HAPPY FEET AGIGEA,AGIGEA,GORUNULUI,
,1362102914,1361101768,,60847,60856,1362102914,CONSTANŢA,,,1,GRĂDINIŢA CU PROGRAM NORMAL NR. 8 MEDGIDIA,GRADINITA CU PROGRAM NORMAL NR 8 MEDGIDIA,MEDGIDIA,POPORULUI,
,1362104486,1361105121,,62057,62084,1362104486,CONSTANŢA,,,,ŞCOALA GIMNAZIALĂ NR. 2 CARVĂN,SCOALA GIMNAZIALA NR 2 CARVAN,CARVĂN,,
4618331,1361102014,,130454794,60482,60491,1361102014,CONSTANŢA,,,62,GRĂDINIŢA CU PROGRAM PRELUNGIT NR. 3 MANGALIA,GRADINITA CU PROGRAM PRELUNGIT NR 3 MANGALIA,MANGALIA,01.dec.18,
,1362103797,1361100107,,61737,61746,1362103797,CONSTANŢA,,,,GRĂDINIŢA CU PROGRAM NORMAL DOBROMIR-VALE,GRADINITA CU PROGRAM NORMAL DOBROMIR VALE,DOBROMIR,,
,1362103372,1361100776,,62609,62654,1362103372,CONSTANŢA,,,,GRĂDINIŢA CU PROGRAM NORMAL RUNCU,GRADINITA CU PROGRAM NORMAL RUNCU,RUNCU,PRINCIPALĂ,
,1362102362,1361105288,,62707,62725,1362102362,CONSTANŢA,,,27,GRĂDINIŢA CU PROGRAM NORMAL IVRINEZU MARE,GRADINITA CU PROGRAM NORMAL IVRINEZU MARE,IVRINEZU MARE,ŞCOLII,
29444940,1361105225,,131190072,60419,60428,1361105225,CONSTANŢA,,,8,GRĂDINIŢA CU PROGRAM PRELUNGIT ’LUMEA POVEŞTILOR’ CONSTANŢA,GRADINITA CU PROGRAM PRELUNGIT LUMEA POVESTILOR CONSTANTA,CONSTANŢA,Solidarităţii,
29408165,1361101126,,130452916,63161,61899,1361101126,CONSTANŢA,,,14,ŞCOALA GIMNAZIALĂ NR. 1 DUMBRĂVENI,SCOALA GIMNAZIALA NR 1 DUMBRAVENI,DUMBRĂVENI,PRINCIPALĂ,
28053064,1361101899,,130452631,61513,61522,1361101899,CONSTANŢA,,,27,ŞCOALA GIMNAZIALĂ ’GHEORGHE LAZĂR’ CORBU,SCOALA GIMNAZIALA GHEORGHE LAZAR CORBU,CORBU,PRINCIPALĂ,
,1362104735,1361105184,,62538,62556,1362104735,CONSTANŢA,,,311,GRĂDINIŢA CU PROGRAM NORMAL ALMALĂU,GRADINITA CU PROGRAM NORMAL ALMALAU,ALMĂLĂU,AMZEI,
,1352100391,1371101728,,60507,60516,1352100391,CONSTANŢA,,,,CLUBUL COPIILOR NĂVODARI,CLUBUL COPIILOR NAVODARI,NĂVODARI,CABANEI,
,1362103146,1361101899,,61513,61540,1362103146,CONSTANŢA,,,15,GRĂDINIŢA CU PROGRAM NORMAL VADU,GRADINITA CU PROGRAM NORMAL VADU,VADU,ŞCOLII,
,1362102086,1361100681,,61069,61078,1362102086,CONSTANŢA,,,91,GRĂDINIŢA CU PROGRAM NORMAL ’SFÂNTUL ANDREI’ BĂNEASA,GRADINITA CU PROGRAM NORMAL SFANTUL ANDREI BANEASA,BĂNEASA,TRANDAFIRILOR,
,1362104866,1361102005,,63152,62217,1362104866,CONSTANŢA,,,,ŞCOALA GIMNAZIALĂ NR. 2 OITUZ,SCOALA GIMNAZIALA NR 2 OITUZ,OITUZ,,
,1362104138,1361101402,,62486,62501,1362104138,CONSTANŢA,,,96,ŞCOALA GIMNAZIALĂ NR. 2 RĂZOARE,SCOALA GIMNAZIALA NR 2 RAZOARE,RĂZOARELE,OLTINEI,
,1362103915,1361101786,,60776,60785,1362103915,CONSTANŢA,,,12,GRĂDINIŢA CU PROGRAM PRELUNGIT NR. 4 CERNAVODĂ,GRADINITA CU PROGRAM PRELUNGIT NR 4 CERNAVODA,CERNAVODĂ,TUDOR VLADIMIRESCU,
,1362102905,1361100057,,61559,61595,1362102905,CONSTANŢA,,,,GRĂDINIŢA CU PROGRAM NORMAL GĂLBIORI,GRADINITA CU PROGRAM NORMAL GALBIORI,GĂLBIORI,,
,1362103354,1361105139,,61675,61700,1362103354,CONSTANŢA,,,,GRĂDINIŢA CU PROGRAM NORMAL PIETRENI,GRADINITA CU PROGRAM NORMAL PIETRENI,PIETRENI,,
,1362102344,1361100455,,63072,63116,1362102344,CONSTANŢA,,,42,ŞCOALA GIMNAZIALĂ NR. 2 MOVILIŢA,SCOALA GIMNAZIALA NR 2 MOVILITA,MOVILIŢA,EROILOR,
29002140,1361105207,,130452904,61871,61880,1361105207,CONSTANŢA,,,39,LICEUL TEHNOLOGIC INDEPENDENŢA,LICEUL TEHNOLOGIC INDEPENDENTA,INDEPENDENŢA,CONSTANŢEI,
4300930,1361101257,,130453996,60776,60785,1361101257,CONSTANŢA,,,6,LICEUL TEHNOLOGIC ’AXIOPOLIS’ CERNAVODĂ,LICEUL TEHNOLOGIC AXIOPOLIS CERNAVODA,CERNAVODĂ,CAZĂRMII,
4301146,1361100125,,130451778,60482,60491,1361100125,CONSTANŢA,,,20,COLEGIUL ECONOMIC MANGALIA,COLEGIUL ECONOMIC MANGALIA,MANGALIA,OITUZ,
4701061,1361100699,,130844614,60419,60428,1361100699,CONSTANŢA,,,248,COLEGIUL TEHNIC ’PONTICA’ CONSTANŢA,COLEGIUL TEHNIC PONTICA CONSTANTA,CONSTANŢA,I.C.BRATIANU,
,1362103761,1361100817,,60883,60936,1362103761,CONSTANŢA,,,,GRĂDINIŢA CU PROGRAM NORMAL ZORILE,GRADINITA CU PROGRAM NORMAL ZORILE,ZORILE,,
31911729,1361200186,,134229800,60419,60428,1361200186,CONSTANŢA,,,55,GRĂDINIŢA ’TOM ŞI JERRY JUNIOR’ CONSTANŢA,GRADINITA TOM SI JERRY JUNIOR CONSTANTA,CONSTANŢA,Vânători,
12809782,1361205119,,131300031,60419,60428,1361205119,CONSTANŢA,,,1,ŞCOALA POSTLICEALĂ ’DR.I.CANTACUZINO’ CONSTANŢA,SCOALA POSTLICEALA DR I CANTACUZINO CONSTANTA,CONSTANŢA,FAGILOR,
,1362102986,1361100966,,60776,60785,1362102986,CONSTANŢA,,,6,GRĂDINIŢA CU PROGRAM PRELUNGIT ’PANSELUŢA’ CERNAVODĂ,GRADINITA CU PROGRAM PRELUNGIT PANSELUTA CERNAVODA,CERNAVODĂ,SALCIEI,
7794480,1361100681,,130452215,61069,61078,1361100681,CONSTANŢA,,,91,LICEUL TEORETIC BĂNEASA,LICEUL TEORETIC BANEASA,BĂNEASA,TRANDAFIRILOR,
,1362104753,1361105184,,62538,62556,1362104753,CONSTANŢA,,,312,ŞCOALA GIMNAZIALĂ NR. 2 ALMALĂU,SCOALA GIMNAZIALA NR 2 ALMALAU,ALMĂLĂU,AMZEI,
,1362103295,1361101551,,62280,62333,1362103295,CONSTANŢA,,,39,GRĂDINIŢA CU PROGRAM NORMAL SATU NOU,GRADINITA CU PROGRAM NORMAL SATU NOU,SATU NOU,ŞCOLII,
4300566,1361101759,,130451833,60534,60543,1361101759,CONSTANŢA,,,14,LICEUL TEORETIC ’EMIL RACOVIŢĂ’ TECHIRGHIOL,LICEUL TEORETIC EMIL RACOVITA TECHIRGHIOL,TECHIRGHIOL,NICOLAE BĂLCESCU,
,1362104111,1361100505,,60847,60874,1362104111,CONSTANŢA,,,33,ŞCOALA PRIMARĂ ’IULIU PRODAN’ VALEA DACILOR,SCOALA PRIMARA IULIU PRODAN VALEA DACILOR,VALEA DACILOR,DRUM JUDEŢEAN,
,1362104233,1361105148,,61121,61158,1362104233,CONSTANŢA,,,4,GRĂDINIŢA CU PROGRAM NORMAL ’SPERANŢA’ NISIPARI,GRADINITA CU PROGRAM NORMAL SPERANTA NISIPARI,NISIPARI,SPERANŢEI,
,1362103933,1361105243,,62761,62770,1362103933,CONSTANŢA,,,1,GRĂDINIŢA CU PROGRAM NORMAL NR. 2 POARTA ALBĂ,GRADINITA CU PROGRAM NORMAL NR 2 POARTA ALBA,POARTA ALBĂ,PALATULUI,
,1362104581,1361105442,,60419,60428,1362104581,CONSTANŢA,,,2A,GRĂDINIŢA CU PROGRAM NORMAL NR.27 CONSTANŢA,GRADINITA CU PROGRAM NORMAL NR 27 CONSTANTA,CONSTANŢA,DRAGOSLAVELOR,
,1362103336,1361105139,,61675,61700,1362103336,CONSTANŢA,,,,ŞCOALA GIMNAZIALĂ NR. 1 PIETRENI,SCOALA GIMNAZIALA NR 1 PIETRENI,PIETRENI,,
,1362102326,1361100455,,63072,63081,1362102326,CONSTANŢA,,,32A,GRĂDINIŢA CU PROGRAM NORMAL TOPRAISAR,GRADINITA CU PROGRAM NORMAL TOPRAISAR,TOPRAISAR,NAŢIONALĂ,
26445223,1361200747,,133875315,60419,60428,1361200747,CONSTANŢA,,,22,ŞCOALA PRIMARĂ ’COLIBRI’ CONSTANŢA,SCOALA PRIMARA COLIBRI CONSTANTA,CONSTANŢA,DOCHERILOR,
,1362104251,1361105008,,63294,62164,1362104251,CONSTANŢA,,,235,ŞCOALA PRIMARĂ NR. 1 LANURILE,SCOALA PRIMARA NR 1 LANURILE,LANURILE,LIBERTĂŢII,
29313740,1361100107,,130452734,61737,61746,1361100107,CONSTANŢA,,,18,LICEUL TEHNOLOGIC ’RADU PRIŞCU’ DOBROMIR,LICEUL TEHNOLOGIC RADU PRISCU DOBROMIR,DOBROMIR,BĂNEASA,
29329010,1361100817,,130452071,60883,60892,1361100817,CONSTANŢA,,,37,LICEUL TEHNOLOGIC ’JEAN DINU’ ADAMCLISI,LICEUL TEHNOLOGIC JEAN DINU ADAMCLISI,ADAMCLISI,TRAIAN,
,1362103101,1361105207,,61871,61933,1362103101,CONSTANŢA,,,,ŞCOALA PRIMARĂ NR. 3 OLTENI,SCOALA PRIMARA NR 3 OLTENI,OLTENI,,
,1362103811,1361100107,,61737,61755,1362103811,CONSTANŢA,,,,GRĂDINIŢA CU PROGRAM NORMAL CETATEA,GRADINITA CU PROGRAM NORMAL CETATEA,CETATEA,,
28996083,1361101994,,130451974,60632,60641,1361101994,CONSTANŢA,,,4,ŞCOALA GIMNAZIALĂ NR. 1 LIMANU,SCOALA GIMNAZIALA NR 1 LIMANU,LIMANU,CĂMINULUI,
29446630,1361101777,,130451625,60419,60428,1361101777,CONSTANŢA,,,18,ŞCOALA GIMNAZIALĂ NR. 17 ’ION MINULESCU’ CONSTANŢA,SCOALA GIMNAZIALA NR 17 ION MINULESCU CONSTANTA,CONSTANŢA,Meşterul Manole,
,1362104174,1361100672,,61210,61238,1362104174,CONSTANŢA,,,,ŞCOALA PRIMARĂ NR. 3 CREDINŢA,SCOALA PRIMARA NR 3 CREDINTA,CREDINŢA,,
,1362102683,1361100021,,63300,61149,1362102683,CONSTANŢA,,,53,GRĂDINIŢA CU PROGRAM NORMAL CUZA VODĂ,GRADINITA CU PROGRAM NORMAL CUZA VODA,CUZA VODĂ,MEDGIDIEI,
,1362104215,1361100161,,60419,60428,1362104215,CONSTANŢA,,,42,GRĂDINIŢA CU PROGRAM NORMAL DE APLICAŢIE CONSTANŢA,GRADINITA CU PROGRAM NORMAL DE APLICATIE CONSTANTA,CONSTANŢA,Răscoalei 1907,
,1362102285,1361100455,,63072,63116,1362102285,CONSTANŢA,,,29,GRĂDINIŢA CU PROGRAM NORMAL MOVILIŢA,GRADINITA CU PROGRAM NORMAL MOVILITA,MOVILIŢA,EROILOR,
31720125,1361205309,,139856737,60419,60428,1361205309,CONSTANŢA,,,71,GRĂDINIŢA ’GAMEX’ CONSTANŢA,GRADINITA GAMEX CONSTANTA,CONSTANŢA,ION LAHOVARI,
29286505,1361101949,,130454615,60570,63269,1361101949,CONSTANŢA,,,7,GRĂDINIŢA CU PROGRAM NORMAL ’RIŢA GĂRGĂRIŢA’ AGIGEA,GRADINITA CU PROGRAM NORMAL RITA GARGARITA AGIGEA,AGIGEA,NICOLAE IORGA,
,1362102308,1361100455,,63072,63107,1362102308,CONSTANŢA,,,14,GRĂDINIŢA CU PROGRAM NORMAL BIRUINŢA,GRADINITA CU PROGRAM NORMAL BIRUINTA,BIRUINŢA,UNIRII,
29372797,1361101569,,130452978,61951,61960,1361101569,CONSTANŢA,,,46,ȘCOALA GIMNAZIALĂ NR. 1 ION CORVIN,SCOALA GIMNAZIALA NR 1 ION CORVIN,ION CORVIN,SFÂNTUL APOSTOL ANDREI,
28019429,1361101388,,130453908,63045,63054,1361101388,CONSTANŢA,,,,ŞCOALA GIMNAZIALĂ NR. 1 TOPALU,SCOALA GIMNAZIALA NR 1 TOPALU,TOPALU,PREOT LUCA NICOLAE,
,1362104192,1361100672,,61210,61247,1362104192,CONSTANŢA,,,,GRĂDINIŢA CU PROGRAM NORMAL PLOPENI,GRADINITA CU PROGRAM NORMAL PLOPENI,PLOPENI,,
4515719,1361100161,,130451417,60419,60428,1361100161,CONSTANŢA,,,42,COLEGIUL NAŢIONAL PEDAGOGIC ’CONSTANTIN BRĂTESCU’ CONSTANŢA,COLEGIUL NATIONAL PEDAGOGIC CONSTANTIN BRATESCU CONSTANTA,CONSTANŢA,Răscoalei 1907,
,1362100274,1361100957,,60482,60491,1362100274,CONSTANŢA,,,22,GRĂDINIŢA CU PROGRAM PRELUNGIT NR. 1 MANGALIA,GRADINITA CU PROGRAM PRELUNGIT NR 1 MANGALIA,MANGALIA,ARCULUI,
,1362102534,1361105329,,62360,62379,1362102534,CONSTANŢA,,,15,GRĂDINIŢA CU PROGRAM NORMAL NR. 2 MURFATLAR,GRADINITA CU PROGRAM NORMAL NR 2 MURFATLAR,MURFATLAR,MĂRGĂRITARELOR,
,1362104798,1361105424,,63318,62342,1362104798,CONSTANŢA,,,185B,GRĂDINIŢA CU PROGRAM NORMAL ŞTEFAN CEL MARE,GRADINITA CU PROGRAM NORMAL STEFAN CEL MARE,ŞTEFAN CEL MARE,NUCILOR,
29003730,1361101171,,130452124,60945,60954,1361101171,CONSTANŢA,,,32,ŞCOALA GIMNAZIALĂ ’ION CREANGĂ’ ALBEŞTI,SCOALA GIMNAZIALA ION CREANGA ALBESTI,ALBEŞTI,MANGALIEI,
,1362102656,1361100903,,62191,62235,1362102656,CONSTANŢA,,,7,ŞCOALA GIMNAZIALĂ NR. 1 PIATRA,SCOALA GIMNAZIALA NR 1 PIATRA,PIATRA,ŞCOLII,
,1362104156,1361105175,,60419,60428,1362104156,CONSTANŢA,,,2,GRĂDINIŢA CU PROGRAM NORMAL NR.39 CONSTANŢA,GRADINITA CU PROGRAM NORMAL NR 39 CONSTANTA,CONSTANŢA,DUMBRĂVENI,
,1362102674,1361100903,,62191,62226,1362102674,CONSTANŢA,,,14,GRĂDINIŢA CU PROGRAM NORMAL PALAZU MIC,GRADINITA CU PROGRAM NORMAL PALAZU MIC,PALAZU MIC,ŞCOLII,
,1362102493,1361101397,,60419,60428,1362102493,CONSTANŢA,,,25,ŞCOALA GIMNAZIALĂ NR.19 CONSTANŢA,SCOALA GIMNAZIALA NR 19 CONSTANTA,CONSTANŢA,Medeea,
35564410,1361201454,,134085577,60419,60428,1361201454,CONSTANŢA,,,153,LICEUL TEORETIC INTERNAŢIONAL DE INFORMATICĂ CONSTANŢA,LICEUL TEORETIC INTERNATIONAL DE INFORMATICA CONSTANTA,CONSTANŢA,BLD. TOMIS,
,1362104631,1361104907,,62440,62468,1362104631,CONSTANŢA,,,,GRĂDINIŢA CU PROGRAM NORMAL DOROBANŢU,GRADINITA CU PROGRAM NORMAL DOROBANTU,DOROBANŢU,,
29450011,1361101542,,130454328,60419,60428,1361101542,CONSTANŢA,,,7,GRĂDINIŢA CU PROGRAM PRELUNGIT ’DUMBRAVA MINUNATĂ’ CONSTANŢA,GRADINITA CU PROGRAM PRELUNGIT DUMBRAVA MINUNATA CONSTANTA,CONSTANŢA,PROGRESULUI,
,1362103015,1361100939,,62823,62832,1362103015,CONSTANŢA,,,2,GRĂDINIŢA CU PROGRAM NORMAL SARAIU,GRADINITA CU PROGRAM NORMAL SARAIU,SARAIU,NICOLAE MARALOI,
30551087,1361201879,,134181084,60419,60428,1361201879,CONSTANŢA,,,44,ŞCOALA ’SFINŢII MARTIRI BRÂNCOVENI’ CONSTANŢA,SCOALA SFINTII MARTIRI BRANCOVENI CONSTANTA,CONSTANŢA,01.mai,
,1362200263,1361200747,,60419,60428,1362200263,CONSTANŢA,,,22,GRĂDINIŢA ’COLIBRI’ CONSTANŢA,GRADINITA COLIBRI CONSTANTA,CONSTANŢA,DOCHERILOR,
28055499,1361101818,,130452277,61121,61130,1361101818,CONSTANŢA,,,11,ŞCOALA GIMNAZIALĂ NR. 1 CASTELU,SCOALA GIMNAZIALA NR 1 CASTELU,CASTELU,01.mai,
29440093,1361105442,,130454249,60419,60428,1361105442,CONSTANŢA,,,197,GRĂDINIŢA CU PROGRAM NORMAL ’ROBOŢEL’ CONSTANŢA,GRADINITA CU PROGRAM NORMAL ROBOTEL CONSTANTA,CONSTANŢA,BLD. MAMAIA,
29454684,1361100143,,130451742,60419,60428,1361100143,CONSTANŢA,,,141,ŞCOALA GIMNAZIALĂ NR.31 CONSTANŢA,SCOALA GIMNAZIALA NR 31 CONSTANTA,CONSTANŢA,Brătianu Constantin Ion,
4515417,1361100636,,131181289,60507,60516,1361100636,CONSTANŢA,,,2,LICEUL TEHNOLOGIC ’LAZĂR EDELEANU’ NĂVODARI,LICEUL TEHNOLOGIC LAZAR EDELEANU NAVODARI,NĂVODARI,SĂNĂTĂŢII,
,1362100256,1361101596,,60419,60428,1362100256,CONSTANŢA,,,18,GRĂDINIŢA CU PROGRAM NORMAL NR.26 CONSTANŢA,GRADINITA CU PROGRAM NORMAL NR 26 CONSTANTA,CONSTANŢA,Banu Mihalcea,
29448097,1361100889,,131190008,60419,60428,1361100889,CONSTANŢA,,,74,GRĂDINIŢA CU PROGRAM PRELUNGIT NR.57 CONSTANŢA,GRADINITA CU PROGRAM PRELUNGIT NR 57 CONSTANTA,CONSTANŢA,ŞOS. MANGALIEI,
,1362104405,1361101144,,62020,62039,1362104405,CONSTANŢA,,,12,GRĂDINIŢA CU PROGRAM NORMAL ISTRIA,GRADINITA CU PROGRAM NORMAL ISTRIA,ISTRIA,PRIMĂRIEI,
29448127,1361100853,,130401618,60419,60428,1361100853,CONSTANŢA,,,101-103,GRĂDINIŢA CU PROGRAM PRELUNGIT NR.53 CONSTANŢA,GRADINITA CU PROGRAM PRELUNGIT NR 53 CONSTANTA,CONSTANŢA,01.mai,
,1362104328,1361101646,,61005,61032,1362104328,CONSTANŢA,,,7,ŞCOALA GIMNAZIALĂ NR. 1 DUNĂRENI,SCOALA GIMNAZIALA NR 1 DUNARENI,DUNĂRENI,ŞCOLII,
29269628,1361101904,,130454093,60847,60856,1361101904,CONSTANŢA,,,65A,ŞCOALA GIMNAZIALĂ ’I.L.CARAGIALE’ MEDGIDIA,SCOALA GIMNAZIALA I L CARAGIALE MEDGIDIA,MEDGIDIA,INDEPENDENŢEI,
,1362103508,1361105139,,61675,61693,1362103508,CONSTANŢA,,,,ŞCOALA PRIMARĂ NR. 2 PETROŞANI,SCOALA PRIMARA NR 2 PETROSANI,PETROŞANI,,
,1362102118,1361105252,,60687,60696,1362102118,CONSTANŢA,,,,ŞCOALA GIMNAZIALĂ NR. 3 CULMEA,SCOALA GIMNAZIALA NR 3 CULMEA,OVIDIU,,
29448143,1361105478,,131230846,60419,60428,1361105478,CONSTANŢA,,,2,GRĂDINIŢA CU PROGRAM PRELUNGIT ’LUMEA COPIILOR’ CONSTANŢA,GRADINITA CU PROGRAM PRELUNGIT LUMEA COPIILOR CONSTANTA,CONSTANŢA,Pelicanului,
4300841,1361101732,,130451572,60419,60428,1361101732,CONSTANŢA,,,98,ŞCOALA GIMNAZIALĂ NR. 12 ’B.P.HAŞDEU’ CONSTANŢA,SCOALA GIMNAZIALA NR 12 B P HASDEU CONSTANTA,CONSTANŢA,Haşdeu Petriceicu Bogdan,
29353353,1361100464,,130454823,60801,60810,1361100464,CONSTANŢA,,,1,GRĂDINIŢA CU PROGRAM PRELUNGIT ’TIC-PITIC’ HÂRŞOVA,GRADINITA CU PROGRAM PRELUNGIT TIC PITIC HARSOVA,HÂRŞOVA,ROZELOR,
,1362104102,1361100505,,60847,60874,1362104102,CONSTANŢA,,,36,GRĂDINIŢA CU PROGRAM NORMAL VALEA DACILOR,GRADINITA CU PROGRAM NORMAL VALEA DACILOR,VALEA DACILOR,DRUMUL JUDEŢEAN,
,1362104613,1361104907,,62440,62468,1362104613,CONSTANŢA,,,,ŞCOALA GIMNAZIALĂ NR. 1 DOROBANŢU,SCOALA GIMNAZIALA NR 1 DOROBANTU,DOROBANŢU,,
29482340,1361105392,,131105003,60507,60516,1361105392,CONSTANŢA,,,16,GRĂDINIŢA CU PROGRAM PRELUNGIT ’ALBATROS’ NĂVODARI,GRADINITA CU PROGRAM PRELUNGIT ALBATROS NAVODARI,NĂVODARI,PLOPILOR,
29446584,1361100618,,131213616,60419,60428,1361100618,CONSTANŢA,,,2:00 a.m.,ŞCOALA GIMNAZIALĂ NR. 40 ’AUREL VLAICU’ CONSTANŢA,SCOALA GIMNAZIALA NR 40 AUREL VLAICU CONSTANTA,CONSTANŢA,PELICANULUI,
29308930,1361105139,,130452796,61675,61684,1361105139,CONSTANŢA,,,120,LICEUL TEHNOLOGIC ’NICOLAE ISTRĂŢOIU’ DELENI,LICEUL TEHNOLOGIC NICOLAE ISTRATOIU DELENI,DELENI,ŞCOLII,
,1362104052,1361101171,,60945,60954,1362104052,CONSTANŢA,,,32,GRĂDINIŢA CU PROGRAM NORMAL ALBEŞTI,GRADINITA CU PROGRAM NORMAL ALBESTI,ALBEŞTI,MANGALIEI,
,1362104423,1361100785,,62397,62431,1362104423,CONSTANŢA,,,,ŞCOALA PRIMARĂ NR. 2 VÂLCELE,SCOALA PRIMARA NR 2 VALCELE,VÂLCELELE,,
4301065,1361100871,,130112396,60419,60428,1361100871,CONSTANŢA,,,2,LICEUL TEHNOLOGIC ’DIMITRIE LEONIDA’ CONSTANŢA,LICEUL TEHNOLOGIC DIMITRIE LEONIDA CONSTANTA,CONSTANŢA,ALEEA PELICANULUI,
29446304,1361101004,,131104877,60419,60428,1361101004,CONSTANŢA,,,7,GRĂDINIŢA CU PROGRAM PRELUNGIT ’MUGUREL’ CONSTANŢA,GRADINITA CU PROGRAM PRELUNGIT MUGUREL CONSTANTA,CONSTANŢA,ALEE FRAGILOR,
,1362103526,1361105139,,61675,61728,1362103526,CONSTANŢA,,,,GRĂDINIŢA CU PROGRAM NORMAL ŞIPOTE,GRADINITA CU PROGRAM NORMAL SIPOTE,ŞIPOTELE,,
,1362102136,1361100568,,62903,62921,1362102136,CONSTANŢA,,,81,GRĂDINIŢA CU PROGRAM NORMAL DUNĂREA,GRADINITA CU PROGRAM NORMAL DUNAREA,DUNĂREA,PROF. COSTICĂ DUDU,
4304614,1361101135,,130452538,61318,61327,1361101135,CONSTANŢA,,,26,LICEUL COBADIN,LICEUL COBADIN,COBADIN,PRIMĂVERII,
31157723,1361200593,,134211803,63152,60703,1361200593,CONSTANŢA,,,1,LICEUL TEORETIC ’PONTUS EUXINUS’ LUMINA,LICEUL TEORETIC PONTUS EUXINUS LUMINA,LUMINA,PELICAN,
,1362103422,1361100776,,62609,62636,1362103422,CONSTANŢA,,,,GRĂDINIŢA CU PROGRAM NORMAL NISTOREŞTI,GRADINITA CU PROGRAM NORMAL NISTORESTI,NISTOREŞTI,ŞCOLII,
,1362102828,1361100482,,60419,60428,1362102828,CONSTANŢA,,,25,GRĂDINIŢA CU PROGRAM NORMAL NR.35 CONSTANŢA,GRADINITA CU PROGRAM NORMAL NR 35 CONSTANTA,CONSTANŢA,IZVOR,
,1362102733,1361101759,,60534,60543,1362102733,CONSTANŢA,,,27,GRĂDINIŢA CU PROGRAM NORMAL ’PINOCCHIO’ TECHIRGHIOL,GRADINITA CU PROGRAM NORMAL PINOCCHIO TECHIRGHIOL,TECHIRGHIOL,NICOLAE BĂLCESCU,
,1362102457,1361101162,,60847,60856,1362102457,CONSTANŢA,,,3,GRĂDINIŢA CU PROGRAM NORMAL ’PITICOT’ MEDGIDIA,GRADINITA CU PROGRAM NORMAL PITICOT MEDGIDIA,MEDGIDIA,MIHAI BRAVU,
,1362104676,1361100541,,60419,60428,1362104676,CONSTANŢA,,,13,ŞCOALA GIMNAZIALĂ NR. 2 CONSTANŢA,SCOALA GIMNAZIALA NR 2 CONSTANTA,CONSTANŢA,KARATZALI,
